scenario_id,initial_allele_frequency,temperature_rate,selection_strength,food_availability,migration_rate,population_size,generations,final_temperature_anomaly,simulation_replicates,final_allele_frequency,final_population_size,extinction_probability
0,0.5485505525324954,0.020871772909338247,0.30475133437164237,0.8032892188885865,0.018835469577529906,190,168,3.5064578487688256,3,0.990049751243781,67.0,0.0
1,0.5399636003335364,0.035800765126909016,0.07099636245617467,0.6427508596321186,0.07415960484651625,124,163,5.835524715686169,3,,0.6666666666666666,1.0
2,0.46138963045404524,0.03737874937064569,0.17189254362474593,0.497705169160105,0.11091695740316697,259,76,2.8407849521690727,3,0.9250936329588016,89.0,0.0
3,0.58451288523503,0.02916156916224879,0.27258807682731956,0.5804418792844144,0.19413960487898066,175,160,4.6658510659598065,3,0.9108527131782945,43.0,0.0
4,0.5515169430394204,0.010369464437634606,0.1793507211926509,0.3784724477616987,0.03085789841350957,231,138,1.4309860923935755,3,0.9324324324324325,111.0,0.0
5,0.5289906444582374,0.04360291849467103,0.13426411460420862,0.5907988089226648,0.09391116225516159,241,89,3.8806597460257217,3,0.65,24.0,0.6666666666666666
6,0.11704740857476599,0.022455311827715152,0.1026109916962829,0.7853790965436317,0.08743038377446616,120,154,3.4581180214681333,3,,1.0,1.0
7,0.49917761834150687,0.015431765579427765,0.29632313644646435,0.8730968323729212,0.07749567580603489,261,99,1.5277447923633487,3,0.901010101010101,165.0,0.0
8,0.48727198766323354,0.008009356795200321,0.09397062479203465,0.3547854753381536,0.15738487550042768,239,137,1.097281880942444,3,0.6744186046511628,129.0,0.0
9,0.5024608036796445,0.03557134833394462,0.17685304817226877,0.7196817773693809,0.02795939962553149,136,81,2.881279215049514,3,0.9937106918238993,53.0,0.0
10,0.477829984399616,0.022257136864154696,0.2108755540739804,0.8472492573204167,0.12694366400011817,197,125,2.782142108019337,3,0.9206349206349206,84.0,0.0
11,0.404668797699427,0.015069854216692323,0.03986170706174061,0.6338663030010355,0.04291693456390584,142,111,1.6727538180528478,3,0.8198198198198199,74.0,0.0
12,0.6017800590896712,0.012059397892209651,0.04865687734050112,0.5328995298142978,0.05871875155333672,172,136,1.6400781133405125,3,0.8215686274509805,85.0,0.0
13,0.4032115420686565,0.03570762299157578,0.24258033290476397,0.6141514599360458,0.16280407693320695,151,86,3.070855577275517,3,0.9025157232704403,53.0,0.0
14,0.04521708899968652,0.0058720580133525945,0.261154992190864,0.6502201996634018,0.03225435580672036,262,120,0.7046469616023113,3,0.893719806763285,207.0,0.0
15,0.13204910881782284,0.03194177612834265,0.1727700081836898,0.5976637969627137,0.06030241782957531,220,133,4.248256225069572,3,0.9777777777777777,60.0,0.0
16,0.27241444907077156,0.005768946530592343,0.06776188867856489,0.9752334819571844,0.18171613814152143,184,140,0.8076525142829281,3,0.4839357429718876,166.0,0.0
17,0.2081328741778781,0.04367458422595213,0.27920028926905427,0.8159786229533471,0.08987230042875774,230,97,4.236434669917356,3,0.931924882629108,71.0,0.0
18,0.09458194464284451,0.04081190305138519,0.17584841274675553,0.4815361871168997,0.061191324830130504,244,128,5.2239235905773045,3,,1.0,1.0
19,0.14843776456928523,0.03883441421597215,0.2727262495472672,0.8176509213681089,0.08641860795502075,148,133,5.164977090724296,3,0.9444444444444443,39.0,0.0
20,0.4213456391715328,0.02994340386685726,0.057022182764764506,0.6202748114108962,0.008322834772378496,124,119,3.563265060156014,3,,0.6666666666666666,1.0
21,0.2510070122629661,0.008214540121240017,0.06308894967121652,0.7319689719155128,0.03411859370737722,147,163,1.338970039762123,3,0.8405797101449276,92.0,0.0
22,0.41931096359926456,0.016915401594997992,0.21909295727405334,0.36482251616930333,0.19171184264828908,169,118,1.9960173882097632,3,0.8737373737373737,66.0,0.0
23,0.5544326022576918,0.005557389996664858,0.1857306658682113,0.6689595463304385,0.18756529099499658,120,127,0.7057885295764369,3,0.5989583333333334,96.0,0.0
24,0.347237898708159,0.013479953512951424,0.1361020791496167,0.6884370616064995,0.08778229206100935,144,72,0.9705566529325025,3,0.7200647249190939,103.0,0.0
25,0.5836155892102197,0.04053491318910997,0.07487970847955544,0.7101234933003822,0.021715148227088713,217,137,5.553283106908066,3,,1.0,1.0
26,0.21842663517213556,0.030355173291751775,0.2626382765718024,0.8496208697464771,0.021548189191179314,207,162,4.9175380732637874,3,0.9885057471264368,58.0,0.0
27,0.18424337389957013,0.0036087399155757304,0.20755279020527465,0.5910994845105851,0.16595794862648264,177,151,0.5449197272519353,3,0.5952380952380952,147.0,0.0
28,0.24248305819121926,0.042974673987999035,0.12309370820483795,0.6847871340006144,0.051193018113520554,279,164,7.047846534031842,3,,0.6666666666666666,1.0
29,0.14028723777995214,0.003931156633870146,0.16923105920097212,0.9950441166362941,0.1783354532509828,107,145,0.5700177119111712,3,0.6085626911314984,109.0,0.0
30,0.6268309688886116,0.040418205507008115,0.19603467532366367,0.5553538836900154,0.15440248642219762,154,136,5.496875948953104,3,,1.0,1.0
31,0.28035067834538574,0.006062066726645156,0.26897267563168825,0.520599335349862,0.18736263010675586,271,94,0.5698342723046447,3,0.5919811320754716,212.0,0.0
32,0.11224781471569563,0.037737844901370964,0.07905098131983809,0.4665244003025304,0.11987655830416871,227,158,5.962579494416612,3,,0.6666666666666666,1.0
33,0.16161122602876404,0.015343917934704075,0.2787695482371768,0.9816871769396288,0.10014823724046847,172,84,1.2888891065151422,3,0.8690476190476191,126.0,0.0
34,0.039337312764495036,0.011875209289950775,0.07218310969168673,0.7904781378483574,0.024366500925706226,146,121,1.4369003240840437,3,0.8827838827838828,91.0,0.0
35,0.49515583188073387,0.0269880141964988,0.09392820853121843,0.8726809420184708,0.14308142592316034,106,144,3.8862740442958272,3,,0.6666666666666666,1.0
36,0.11780869354339987,0.007321413556964818,0.32682001632208235,0.6084258259862114,0.060189738356187954,115,119,0.8712482132788133,3,0.8292181069958847,81.0,0.0
37,0.4741190225516002,0.043091800053019706,0.12166279260225758,0.9511254790528176,0.004971898277251263,204,126,5.429566806680483,3,,1.0,1.0
38,0.454763324826327,0.006553588361282391,0.07490867106045204,0.6224243075555975,0.19324638242863634,121,130,0.8519664869667108,3,0.47126436781609193,87.0,0.0
39,0.6551255584721415,0.03658751937135774,0.17956211249769327,0.8600962420139219,0.003567356795397547,216,81,2.963589069079977,3,1.0,90.0,0.0
40,0.5857171719714334,0.036263134797981954,0.10444503742925877,0.6950002338893848,0.12120316414000219,268,157,5.693312163283167,3,,1.0,1.0
41,0.43408179541694614,0.01974057747876825,0.14973889389029843,0.6268233561427814,0.13038620511599483,273,157,3.0992706641666152,3,0.9322916666666666,96.0,0.0
42,0.3341109109911208,0.012657101206908399,0.10573195615922595,0.8349092821582402,0.1633137526847821,273,80,1.012568096552672,3,0.641826923076923,208.0,0.0
43,0.07459443415996936,0.027560647541527428,0.07677543814166343,0.8860317237966219,0.06206693478481489,266,84,2.315094393488304,3,0.9633838383838383,132.0,0.0
44,0.6470502165665916,0.009117864077616961,0.12111042634813936,0.4498487068748381,0.023098012733070994,193,72,0.6564862135884212,3,0.6666666666666666,138.0,0.0
45,0.06711492414005427,0.009509583250241666,0.04708221844069612,0.7342434804721313,0.13614290535990128,243,109,1.0365445742763417,3,0.5982658959537571,173.0,0.0
46,0.2430540349578731,0.02369462819195589,0.31000158151507473,0.9032355574344338,0.00869501240255839,184,88,2.0851272808921184,3,1.0,99.0,0.0
47,0.18861906363994532,0.012723665760785107,0.21279444855768723,0.6205705767070749,0.009850823985518798,91,107,1.3614322364040066,3,1.0,53.0,0.0
48,0.38091447564081693,0.0063718918248597866,0.2967067372123391,0.3837752132023177,0.18496837380361242,221,80,0.5097513459887829,3,0.6206543967280164,163.0,0.0
49,0.5951952175704943,0.04081408518888753,0.3434626177877096,0.8713168221778358,0.15589550815426578,209,134,5.469087415310929,3,0.9228395061728395,54.0,0.0
50,0.5519275575673463,0.007785744961765324,0.2015417715032439,0.6842448656237694,0.1715144288245115,249,116,0.9031464155647776,3,0.6785063752276868,183.0,0.0
51,0.28800996238723675,0.02950122066319573,0.11526826160027073,0.44084946712007195,0.09557545480474916,121,112,3.304136714277922,3,,1.0,1.0
52,0.18582186015434535,0.0178030078349505,0.14724558394439916,0.5628721168681545,0.0758928159453858,124,139,2.4746180890581195,3,0.9523809523809524,49.0,0.0
53,0.22890723796276113,0.04280089084875963,0.32323136625221693,0.662591778395051,0.06567224100093776,177,124,5.307310465246195,3,0.9722222222222222,42.0,0.0
54,0.5985355274783284,0.030061255644084385,0.2874053849430648,0.6962694794427311,0.12658352585352414,103,99,2.976064308764354,3,0.9429824561403509,38.0,0.0
55,0.5223784187478948,0.010703397504405888,0.2523354012219194,0.9094673944118311,0.026420567460308787,271,132,1.4128484705815774,3,0.9624542124542125,182.0,0.0
56,0.09371415131405618,0.033205772015671355,0.05703783002352647,0.9583608847554069,0.027481586007560434,273,166,5.512158154601445,3,,0.3333333333333333,1.0
57,0.5665923979770148,0.027528326192053226,0.280439713481455,0.8668246453390058,0.18920541256346607,107,95,2.6151909882450566,3,0.8888888888888888,48.0,0.0
58,0.4253508498900671,0.006087115495269252,0.22717302400771877,0.4613393476603127,0.11299012229448838,91,127,0.773063667899195,3,0.8087431693989071,61.0,0.0
59,0.3422100524974223,0.024473166347064278,0.27445548480210813,0.8695090657328433,0.09843064311508583,135,130,3.181511625118356,3,0.949685534591195,53.0,0.0
60,0.6539282779123682,0.007148544305548281,0.06747314108803536,0.40701085774199947,0.13157265700810558,229,112,0.8006369622214075,3,0.5975056689342404,147.0,0.0
61,0.548795348815035,0.030862950772269478,0.1367640826650362,0.9339382557849982,0.15250642941413048,211,97,2.9937062249101394,3,0.9296296296296296,90.0,0.0
62,0.2740086519072762,0.015520919148783303,0.08043572755999988,0.44605919215242457,0.18722549267514882,196,114,1.7693847829612965,3,0.6704545454545454,88.0,0.0
63,0.28682428126086457,0.03337648547312725,0.20695778088092795,0.9584909914450005,0.15606029878187844,207,118,3.9384252858290156,3,0.91324200913242,73.0,0.0
64,0.2821608472321535,0.04442515643174585,0.2596832755211659,0.9682765290024967,0.023695715443408275,141,155,6.885899246920607,3,1.0,32.0,0.0
65,0.4568395022741091,0.0072426321684098405,0.21824255999015058,0.7959626373185418,0.002460537177720568,108,115,0.8329026993671317,3,0.9674329501915708,87.0,0.0
66,0.5830176725015351,0.014700438089795863,0.17673538617553633,0.6375041825941306,0.06038547828849832,188,162,2.3814709705469297,3,0.9683544303797468,79.0,0.0
67,0.5534670037391156,0.006755301672832751,0.3490510905080233,0.9214800158000344,0.0567816875728078,238,154,1.0403164576162438,3,0.8966131907308378,187.0,0.0
68,0.10130108635382651,0.04496150341039226,0.24301911555409178,0.772581260113218,0.01808814539682655,220,160,7.193840545662762,3,1.0,29.0,0.3333333333333333
69,0.04942966714699451,0.012355606495769321,0.0757670000533232,0.854899161449942,0.03964084544257958,92,161,1.9892526458188606,3,0.9659863945578232,49.0,0.0
70,0.46970025634941837,0.0035549965512719373,0.03173754692118415,0.3835776460593593,0.12118503552954554,277,150,0.5332494826907906,3,0.560530679933665,201.0,0.0
71,0.18983038982035025,0.038524580245692136,0.04831422084904332,0.8706265048670896,0.1855590860344561,112,147,5.663113296116744,3,,1.0,1.0
72,0.4977409252656869,0.03803314940218147,0.04284841585506125,0.481158371967386,0.024984735861128617,223,120,4.563977928261776,3,,0.6666666666666666,1.0
73,0.5292760459803257,0.02909050931678514,0.3023619519238192,0.45088844508670906,0.14692421838703232,100,89,2.5890553291938776,3,0.8809523809523809,35.0,0.0
74,0.21140836338292615,0.032525901983096066,0.34366553116757814,0.7475033438850952,0.01090006299825912,103,132,4.293419061768681,3,1.0,30.0,0.0
75,0.05837486955871195,0.04001826558877314,0.2570650512321986,0.46253310017462707,0.018344201164839615,237,88,3.521607371812036,3,0.982843137254902,68.0,0.0
76,0.686618210301309,0.021718107625715063,0.2809059034692505,0.763665422370055,0.11448262999172748,175,84,1.8243210405600654,3,0.8705673758865249,94.0,0.0
77,0.6638363838839236,0.01495773319813287,0.21496550905841347,0.8048543639828929,0.12984663104906177,174,165,2.468025977691924,3,0.8966244725738397,79.0,0.0
78,0.12945412324643885,0.02385916775321851,0.1592910050370451,0.6582096741637018,0.023843505239548923,275,83,1.9803109235171363,3,0.9686716791979949,133.0,0.0
79,0.21631061567344242,0.015102297961715746,0.16692902837803197,0.7471419055738084,0.1269258234836526,275,111,1.6763550737504478,3,0.8127705627705627,154.0,0.0
80,0.30388468331722707,0.011358026647969364,0.21825799949088262,0.5560765923562045,0.007211966855472741,147,112,1.2720989845725688,3,1.0,85.0,0.0
81,0.3476688923104141,0.011700493332781071,0.213186538599077,0.7177517352807485,0.1404004362220743,194,135,1.5795665999254447,3,0.7681818181818182,110.0,0.0
82,0.46713014786909113,0.015597208528433854,0.2819783110355052,0.7069438493397916,0.08628363903597802,191,133,2.0744287342817027,3,0.9384057971014492,92.0,0.0
83,0.27164041408167033,0.0240477875180906,0.2657458203143105,0.92616187637041,0.18421143945903834,252,120,2.885734502170872,3,0.8636363636363636,110.0,0.0
84,0.37858432687618127,0.036394427662844966,0.1306242213581444,0.8942985355242946,0.09882832930348469,97,81,2.9479486406904423,3,0.9065040650406503,41.0,0.0
85,0.07827962853887227,0.03820570807469691,0.04778173341020092,0.5323974334868763,0.06682600810030917,183,87,3.3238966024986314,3,,0.3333333333333333,1.0
86,0.24030855776733276,0.03393578036917868,0.034698509939222646,0.8876627259384462,0.17130960471491163,169,107,3.6311284995021187,3,,0.6666666666666666,1.0
87,0.13292064237062529,0.027836137541638474,0.06829521787676618,0.5871975847008641,0.1916858361801945,104,170,4.732143382078541,3,,0.6666666666666666,1.0
88,0.5473102772075723,0.015371344926592947,0.2500528157331495,0.8085141375646083,0.07756833903272996,266,134,2.059760220163455,3,0.9387254901960785,136.0,0.0
89,0.03718752213370308,0.010989479319896382,0.19802825694952356,0.45643834776789227,0.033181373575306726,169,154,1.6923798152640428,3,0.9487179487179486,78.0,0.0
90,0.6927191117980156,0.025906685405223277,0.2985023138821482,0.9937090818120772,0.02831917771375494,186,115,2.979268821600677,3,0.9817073170731708,82.0,0.0
91,0.29302371961408624,0.005442119196785956,0.2717056552943182,0.6319563677596854,0.09386538683808027,265,85,0.4625801317268063,3,0.630801687763713,237.0,0.0
92,0.15122085699468163,0.041005455752717246,0.04428770847176924,0.501353985213409,0.058411866062905674,127,119,4.879649234573352,3,,0.6666666666666666,1.0
93,0.4229182659199132,0.023211468961578663,0.056916907058202244,0.5083838451362138,0.16871767695250825,253,134,3.1103368408515406,3,,0.6666666666666666,1.0
94,0.4649298635899638,0.030818739980108263,0.27412896609264925,0.38777051311894073,0.07332167698652248,232,124,3.8215237575334244,3,0.9661016949152542,59.0,0.0
95,0.2567658438092084,0.03831259155134902,0.18442320274793403,0.8496079331485964,0.17040310337623382,160,120,4.597510986161883,3,0.8723404255319149,47.0,0.0
96,0.6394000033938044,0.02724632944309016,0.3020877756267909,0.5713840171344908,0.09976339170629706,251,123,3.3512985215000897,3,0.9395833333333332,80.0,0.0
97,0.10033640965036728,0.019137757788166246,0.3235480552165363,0.7600409562370826,0.0355013164873935,91,104,1.9903268099692895,3,0.9927536231884058,46.0,0.0
98,0.15837401647400887,0.0030673946673386195,0.3267873467212885,0.6413347633669664,0.061507014484157234,117,130,0.39876130675402055,3,0.7782874617737003,109.0,0.0
99,0.034900685716320476,0.013954950583834993,0.2549707090236456,0.7619503524950209,0.19636118950850712,243,132,1.8420534770662191,3,0.7987179487179487,130.0,0.0
100,0.3499289353305809,0.034741600216912326,0.319064919028497,0.8184523653669284,0.19264224470987593,209,148,5.141756832103024,3,0.903030303030303,55.0,0.0
101,0.6107569636354907,0.006906475060896399,0.264372320958012,0.6360576546927896,0.11062076048225505,273,136,0.9392806082819102,3,0.7303664921465969,191.0,0.0
102,0.6797761281927315,0.044336857501559856,0.12223303855612967,0.8269397733346455,0.14999670758705372,211,104,4.6110331801622255,3,,1.0,1.0
103,0.11299274915902807,0.0037607192922859494,0.2787498008093371,0.6683048321809888,0.19710803389898524,254,116,0.4362434379051701,3,0.567090395480226,236.0,0.0
104,0.6852043759794729,0.01969776809434457,0.28397828817919124,0.4051325270026908,0.11109234202755279,193,151,2.9743629822460305,3,0.9583333333333334,60.0,0.0
105,0.6495501170373253,0.03737107289654956,0.041830632704375745,0.5922565218493772,0.009739694462770255,160,81,3.0270569046205145,3,,1.0,1.0
106,0.48245477120721436,0.03267010244140302,0.27759061848052036,0.9125467562361809,0.14788629369530198,165,150,4.900515366210453,3,0.9340277777777778,48.0,0.0
107,0.06280568558159709,0.012085011468975839,0.22900728748007862,0.907781448006135,0.0009000249879318246,271,121,1.4622863877460766,3,0.3333333333333333,179.0,0.0
108,0.4837825575741461,0.003273113432530368,0.15843377841708411,0.9321626728994029,0.13432256177117174,138,94,0.3076726626578546,3,0.5239583333333333,160.0,0.0
109,0.6013633568533815,0.016965351206609115,0.3030702947660989,0.5443133732272886,0.1180640501766298,175,110,1.8661886327270027,3,0.8950617283950617,81.0,0.0
110,0.2141327840058949,0.040121975173390376,0.09002997822063721,0.405127534303246,0.06838538770913208,175,142,5.697320474621433,3,,0.3333333333333333,1.0
111,0.5709791760041087,0.04494596491287089,0.12483585824357275,0.6151622682353334,0.02736425560592526,112,128,5.753083508847474,3,,0.6666666666666666,1.0
112,0.6983786249661544,0.032137883435188315,0.22046810893227892,0.6050399103991662,0.18305975205711097,131,120,3.856546012222598,3,0.9210526315789473,38.0,0.0
113,0.12002583191975119,0.01771127391756274,0.05149333403128541,0.481286374497708,0.003533756199982441,147,115,2.0367965005197153,3,0.6666666666666666,62.0,0.0
114,0.455141977517704,0.01676157588229303,0.16452216688168866,0.9734860273489744,0.15039262431498313,186,124,2.078435409404336,3,0.796116504854369,103.0,0.0
115,0.2206423863249229,0.04057086234723879,0.10523107740181102,0.5614727748358401,0.1818129628845897,148,123,4.990216068710372,3,,0.6666666666666666,1.0
116,0.5273530261100443,0.02740202614904194,0.23910054688303842,0.5445991394846366,0.04827441232533258,147,102,2.795006667202278,3,0.9871794871794872,52.0,0.0
117,0.13414584793589304,0.03959551770750472,0.12063901864003648,0.71496810636935,0.1583948850282748,201,149,5.899732138418203,3,,1.0,1.0
118,0.3237187932514092,0.0224790642692292,0.3483045596592079,0.7884883600363657,0.16292768862357654,218,161,3.6191293473459014,3,0.8977777777777778,75.0,0.0
119,0.5576851902736573,0.009962711833003405,0.20989463479602308,0.41623120225445415,0.13058442531279968,150,166,1.6538101642785652,3,0.8529411764705882,68.0,0.0
120,0.3735304830810745,0.020617817193313986,0.04146968045381221,0.9738534395139932,0.02060053682603176,146,74,1.525718472305235,3,0.835034013605442,98.0,0.0
121,0.19486462970830876,0.004817808658490444,0.17563770957176392,0.685457070817123,0.06251398980571679,99,75,0.3613356493867833,3,0.634020618556701,97.0,0.0
122,0.10477224672698188,0.01853368825356691,0.04936910426449156,0.8038233216464437,0.0414041083049624,276,100,1.8533688253566911,3,0.8322295805739515,151.0,0.0
123,0.2940642707093253,0.019914214221973356,0.030531426455936168,0.4228457411491534,0.17255291274817564,121,70,1.393994995538135,3,0.6038251366120219,61.0,0.0
124,0.3704721283946263,0.02304858627980995,0.1365901315234041,0.6303625630951922,0.15611622750531687,179,154,3.5494822870907323,3,0.9385964912280702,38.333333333333336,0.3333333333333333
125,0.20443352408821752,0.01586708896161238,0.10759451296906646,0.6619112103581923,0.13665167153176258,153,93,1.4756392734299515,3,0.7605363984674329,87.0,0.0
126,0.2515929471767606,0.04200653855633347,0.04554217275102658,0.649500243405718,0.14231160831935558,126,85,3.570555777288345,3,,1.0,1.0
127,0.061740593403672835,0.007942830980456821,0.3240234219298185,0.3560188581837302,0.037664394962270364,245,73,0.579826661573348,3,0.8617647058823529,170.0,0.0
128,0.10412174326667618,0.028666419325016734,0.10732445079650743,0.7199878327799398,0.11803907655322524,221,155,4.4432949953775935,3,,0.6666666666666666,1.0
129,0.03317673325095553,0.038694886751721766,0.22811810765663165,0.4557832659682224,0.15458747762705682,280,156,6.036402333268596,3,0.9230769230769231,17.666666666666668,0.6666666666666666
130,0.20035653411528537,0.041508128278815275,0.17542637769557048,0.742225895316659,0.19692990672352872,105,106,4.399861597554419,3,,1.0,1.0
131,0.5748167616994756,0.015691162066623764,0.28574832711727705,0.7404770472607176,0.04327113904508029,188,111,1.7417189893952378,3,0.9724919093851133,103.0,0.0
132,0.24281587502358631,0.005358660902455646,0.039547126431903196,0.5752111260146676,0.003806829563497316,224,86,0.46084483761118555,3,0.23402417962003452,193.0,0.0
133,0.515872824970082,0.03244792313439428,0.26634572366636244,0.5561495612344862,0.17800389142353912,118,129,4.185782084336862,3,0.8817204301075269,31.0,0.0
134,0.11443764897023977,0.008179902442587967,0.25179053661750445,0.46241355868735073,0.10145854031640866,113,170,1.3905834152399545,3,0.9022988505747126,58.0,0.0
135,0.03268509517133746,0.0027129314815949475,0.347787066217762,0.7300152421872076,0.025381995103702627,199,160,0.4340690370551916,3,0.8848167539267017,191.0,0.0
136,0.6198548010855537,0.025056617763789132,0.22897344955544208,0.5275716744755696,0.01010393927440103,175,130,3.2573603092925874,3,1.0,55.0,0.0
137,0.2274859794458512,0.03053570500639513,0.29759845658963235,0.3618043535443366,0.11914275493714549,119,93,2.839820565594747,3,0.9459459459459459,37.0,0.0
138,0.615505293595547,0.012907573782158625,0.2254464426353338,0.7098015460582474,0.07923330001184979,233,138,1.7812451819378903,3,0.9295392953929541,123.0,0.0
139,0.5162656552593407,0.026378325198733628,0.27269511589912127,0.9892210993954095,0.08385447758016103,266,121,3.191777349046769,3,0.943452380952381,112.0,0.0
140,0.03835481822061287,0.03622922792134627,0.196473621454718,0.6151749297343674,0.018814392617879164,237,159,5.760447239494058,3,,1.0,1.0
141,0.2946548508271728,0.031351008722996475,0.07779973003780824,0.9750072592016711,0.03568835236436618,220,90,2.8215907850696826,3,0.9533333333333333,100.0,0.0
142,0.6055185165736682,0.04124105799810304,0.09788717040745644,0.6553705773136381,0.14669898091256597,213,158,6.516087163700281,3,,0.3333333333333333,1.0
143,0.28396530567499445,0.024231837934525456,0.26734925136631515,0.825238384824317,0.156592026005217,271,127,3.0774434176847327,3,0.9065420560747665,107.0,0.0
144,0.10009211485919939,0.04087085150775572,0.306983212582729,0.8687633332819165,0.0199724954321459,90,90,3.6783766356980148,3,1.0,32.0,0.0
145,0.5282122446221268,0.0029950240670236967,0.34335188278632944,0.5951440422311924,0.14386250673816472,267,159,0.4762088266567678,3,0.6637806637806637,231.0,0.0
146,0.29440202506055513,0.01572269700978564,0.22479716124743893,0.727643092936233,0.08182799552495944,91,130,2.043950611272133,3,0.9318181818181818,44.0,0.0
147,0.6567055176095514,0.022108531034943646,0.09295749784020202,0.5951838888739525,0.07882139651862373,236,83,1.8350080759003227,3,0.7956521739130434,115.0,0.0
148,0.13912390537155178,0.03143616915592812,0.13863288134684884,0.9706839547062749,0.048719349071721485,127,79,2.4834573633183212,3,0.9285714285714285,63.0,0.0
149,0.5348480572101728,0.03988455023246841,0.1189962741988761,0.48135726606956064,0.03715322697421743,181,122,4.865915128361146,3,,1.0,1.0
150,0.34383914963533646,0.013155913113744972,0.04445539743661644,0.6629693712120824,0.1918664695271217,136,135,1.7760482703555711,3,0.5880952380952381,70.0,0.0
151,0.36198939294117427,0.0067597591832734925,0.11077961297586791,0.5416030672234527,0.15296071052144689,147,158,1.0680419509572119,3,0.6245421245421245,91.0,0.0
152,0.6341000418895137,0.04433645015478242,0.3443573385934503,0.9694494362991879,0.014364428100576877,168,83,3.6799253628469413,3,1.0,63.0,0.0
153,0.23399257273894203,0.02577462492477184,0.06103292438575337,0.8997680225713927,0.12335123581546181,166,124,3.1960534906717077,3,,1.0,1.0
154,0.14075858665608504,0.012889985399208485,0.08129984799432258,0.9037565525666191,0.11684557201224365,190,144,1.856157897486022,3,0.7935779816513762,109.0,0.0
155,0.22834201814971722,0.017963863394795915,0.1595535886164908,0.8440097316336226,0.15447059753491363,98,90,1.6167477055316324,3,0.711864406779661,59.0,0.0
156,0.6608310340145263,0.007188179510078514,0.3167590663755616,0.415257169672376,0.05290796223026222,123,155,1.1141678240621697,3,0.893719806763285,69.0,0.0
157,0.15025968847187857,0.0197834210463287,0.17395497598212037,0.5094183324650863,0.1420490402671973,115,155,3.0664302621809485,3,0.9324324324324325,37.0,0.0
158,0.6159653437032331,0.016590852266672118,0.1998721261721006,0.5114641625126735,0.04895930031002909,146,86,1.4268132949338022,3,0.8917748917748919,77.0,0.0
159,0.6598127372410348,0.04018351963003994,0.27875478826486144,0.6864799888370239,0.09812158310237439,176,123,4.942572914494912,3,0.9592592592592593,45.0,0.0
160,0.38950056909664976,0.020686212642000684,0.07216154652546158,0.4316815043645484,0.19044994316913666,107,118,2.4409730917560806,3,0.7307692307692308,39.0,0.0
161,0.6686477016864766,0.009033805741534728,0.20741329665277872,0.4850162146785005,0.05063692122532031,256,73,0.6594678191320351,3,0.786096256684492,187.0,0.0
162,0.10969871819594157,0.04142448152805542,0.13289055727434612,0.7452839877444846,0.09300282639785461,275,110,4.556692968086096,3,,1.0,1.0
163,0.3863636812018656,0.010051274618459685,0.3463532475262644,0.881900114657511,0.14832292654630305,160,117,1.1759991303597832,3,0.7672413793103449,116.0,0.0
164,0.1324276718246451,0.04158863190576342,0.13924386156215282,0.38256934830300693,0.06848073536212573,100,150,6.238294785864513,3,,0.3333333333333333,1.0
165,0.44721485914209946,0.03428605914402896,0.2839633228359607,0.48777049720235266,0.18475666321863604,191,114,3.908610742419302,3,0.9248366013071895,51.0,0.0
166,0.45813914500699027,0.002099277221229906,0.34787791949157687,0.5325826508767009,0.012412621308031047,165,116,0.2435161576626691,3,0.9124472573839663,158.0,0.0
167,0.11645013831196796,0.008550048536775755,0.23233050016966722,0.6054028045206516,0.18437049003099903,213,102,0.872104950751127,3,0.6335540838852096,151.0,0.0
168,0.5165406860172137,0.021827275496661025,0.24118441636136917,0.7398019818653938,0.09455679455179965,207,165,3.601500456949069,3,0.9541062801932366,69.0,0.0
169,0.2596181406458204,0.00962112655371872,0.24699009948154502,0.8999049148501407,0.008050747987984752,278,115,1.106429553677653,3,0.9936507936507937,210.0,0.0
170,0.6279667520905086,0.0342336006136833,0.347378469279241,0.6954189775382085,0.13199914376023025,122,100,3.42336006136833,3,0.9146341463414634,41.0,0.0
171,0.6648488517762148,0.01775242600793106,0.2663234280597211,0.6120411326774032,0.11236378601259987,118,142,2.5208444931262104,3,0.9219858156028368,47.0,0.0
172,0.3709858816734073,0.041004712057108865,0.16417631613689926,0.7705966687931614,0.06847248666001082,223,111,4.551523038339084,3,0.96875,21.666666666666668,0.6666666666666666
173,0.32483357251648004,0.007409701787428265,0.05935157729888214,0.7838684500453926,0.13110354766861046,230,136,1.007719443090244,3,0.5774509803921569,170.0,0.0
174,0.04324351837960342,0.016041514234886534,0.093299151122943,0.855798424653608,0.17212608027922605,233,94,1.5079023380793342,3,0.634920634920635,147.0,0.0
175,0.47745893642815085,0.0075626005487058005,0.11804880819254825,0.44012542255172266,0.056704153319845844,143,138,1.0436388757214006,3,0.8452380952380952,84.0,0.0
176,0.6399190298241191,0.010708463540739996,0.20346529118423012,0.805904215808231,0.19058449369711317,201,131,1.4028087238369396,3,0.7526041666666666,128.0,0.0
177,0.20092164378834504,0.028895560747299258,0.13255717173696516,0.98448345394961,0.07993522703272737,174,139,4.016482943874597,3,0.9699453551912568,61.0,0.0
178,0.04556248017232818,0.01920264218379448,0.3100344362632037,0.7466478388816098,0.08878857727919527,123,164,3.1492333181422945,3,0.9370370370370371,45.0,0.0
179,0.6021695320186434,0.015855273974386346,0.20425548865322865,0.6683857664601007,0.12644050002297247,245,103,1.6330932193617935,3,0.8157894736842106,133.0,0.0
180,0.1936173505131451,0.04124488891598805,0.32563983983952194,0.8981598757452863,0.19564088615291228,93,145,5.980508892818267,3,0.8863636363636364,22.0,0.0
181,0.5423270431365398,0.03479137395439355,0.18379444190153807,0.6466939264342766,0.04804525522980063,205,135,4.696835483843129,3,0.9905660377358491,53.0,0.0
182,0.22384449118856412,0.01308576161720124,0.2175076397107375,0.616488552346278,0.043771321758926444,215,152,1.9890357658145883,3,0.9633333333333333,100.0,0.0
183,0.6065818459272319,0.00921107934614458,0.03240225049599996,0.5684844795440929,0.1595021671361505,115,154,1.4185062193062654,3,0.5582010582010583,63.0,0.0
184,0.12268047697775297,0.0352964437508712,0.06702533353901742,0.603540683601744,0.19972190300238318,144,89,3.141383493827537,3,,0.6666666666666666,1.0
185,0.13315560032700968,0.020180414299512117,0.22829392831035564,0.9563855085686146,0.19616422910660686,210,77,1.553891901062433,3,0.7149758454106281,138.0,0.0
186,0.12245833662309656,0.03600173287752773,0.11660228872667533,0.9251518886791344,0.13269065144581735,176,81,2.9161403630797462,3,0.8881578947368421,76.0,0.0
187,0.5877946208990847,0.009583324340347261,0.1655185262974892,0.7089202035635644,0.10015322981605566,146,139,1.3320820833082694,3,0.8666666666666666,90.0,0.0
188,0.467300112362401,0.044657806237706356,0.34981501095174006,0.6856986117131666,0.019039817392172798,220,143,6.386066291992009,3,1.0,45.0,0.0
189,0.6843649324051148,0.01568803466804787,0.1775868434680236,0.6261050011300464,0.010283830911385872,160,137,2.149260749522558,3,1.0,72.0,0.0
190,0.2667362556958734,0.03586094660915459,0.2962784240902355,0.8838000112885995,0.08333319960797603,165,102,3.6578165541337686,3,0.9293785310734464,59.0,0.0
191,0.5317099223769267,0.03645974565523709,0.18720238284523713,0.930470162698597,0.028781739215711657,198,158,5.76063981352746,3,,1.0,1.0
192,0.09438380609116044,0.008601597448348397,0.20082880424766728,0.39388701212181976,0.010561420280022072,133,70,0.6021118213843878,3,0.8191489361702127,94.0,0.0
193,0.32233216199515624,0.03530882689556588,0.04114827208957301,0.7739674442028059,0.1646254634832373,155,86,3.0365591130186655,3,,0.6666666666666666,1.0
194,0.12839870233034084,0.03901444186568305,0.2933998751840303,0.7003121480717215,0.16383997585879606,98,79,3.0821409073889607,3,0.8888888888888888,36.0,0.0
195,0.29430261701896543,0.03372529491257403,0.11238462698366826,0.8390137943818092,0.10083572087816278,192,145,4.890167762323235,3,,0.6666666666666666,1.0
196,0.3413353573644108,0.017819886629538158,0.10014054927316234,0.48544657193275975,0.1502981621142792,273,82,1.461230703622129,3,0.6261904761904762,140.0,0.0
197,0.08760817457433323,0.009580528695951596,0.08611088366525499,0.8850199548244848,0.07970132469484248,223,170,1.6286898783117714,3,0.8479318734793188,137.0,0.0
198,0.12193154271971028,0.030102212504826663,0.17359344230440016,0.605396814853098,0.17501683981081648,272,168,5.057171700810879,3,,0.3333333333333333,1.0
199,0.6148155023786998,0.01026892919851072,0.10065533478685888,0.7764480214117911,0.057816716327638344,138,144,1.4787258045855436,3,0.9246031746031745,84.0,0.0
200,0.40950183604246193,0.025689077045087327,0.2951350159484114,0.8118463016327406,0.00531555299945834,191,74,1.9009917013364621,3,1.0,103.0,0.0
201,0.4330441631455305,0.022906259251757842,0.11325908970975723,0.622126456754621,0.15158206374657213,109,153,3.5046576655189496,3,,1.0,1.0
202,0.40601945548632956,0.018570887676855427,0.11662296367843424,0.6892470060000148,0.06294992371287621,176,126,2.339931847283784,3,0.9658119658119658,78.0,0.0
203,0.4833570962814572,0.004841406069533978,0.030341588807279114,0.4879801402464829,0.17890229954375622,237,135,0.653589819387087,3,0.466281310211946,173.0,0.0
204,0.1452134357978053,0.0402813503584156,0.18038590089194878,0.6594596418411294,0.18710838876853103,180,76,3.0613826272395857,3,0.8948717948717948,65.0,0.0
205,0.1741694440012414,0.027188166981653064,0.0925556830662413,0.7916925559858226,0.04281845786734404,260,80,2.175053358532245,3,0.9296875,128.0,0.0
206,0.1686800569593626,0.020177563473698673,0.08636425573538556,0.43754981620017575,0.1720563772437882,124,102,2.058111474317265,3,0.8233333333333334,50.0,0.0
207,0.2717083199672299,0.004376627608552788,0.14435827952065733,0.5221246652590268,0.12209701346835772,169,90,0.3938964847697509,3,0.5388127853881278,146.0,0.0
208,0.6252048535521031,0.041975664699540866,0.061945938296572856,0.4198119215875752,0.023065287622197596,177,132,5.540787740339394,3,,1.0,1.0
209,0.11171920602044733,0.03865243967100145,0.27136688478012555,0.8828757578547156,0.10521210537720418,117,170,6.570914744070247,3,0.967948717948718,26.0,0.0
210,0.05959731897258805,0.01925439346000287,0.13365973406004356,0.9666195741632166,0.11537219169951858,264,151,2.9074134124604334,3,0.94017094017094,117.0,0.0
211,0.14412859975120762,0.04408126818771887,0.18956465500042083,0.6708868495759197,0.19417694570914756,272,108,4.760776964273638,3,0.8661971830985916,71.0,0.0
212,0.2963417664518453,0.027144366220612275,0.07097683537529181,0.5587056571677057,0.03864166448902611,277,80,2.171549297648982,3,0.9705882352941176,119.0,0.0
213,0.6103168862417834,0.027341240143481466,0.14477529328893157,0.6156350952883634,0.08630380073747093,242,133,3.636384939083035,3,0.96,75.0,0.0
214,0.6509354922976255,0.042109523645250245,0.15527743344981226,0.5640205987385503,0.09020930003705102,275,127,5.347909502946781,3,,1.0,1.0
215,0.3394180006713313,0.03032639662211814,0.20740768748152436,0.5584651053511495,0.06914616115252652,103,108,3.2752508351887593,3,0.9747474747474748,33.0,0.0
216,0.09340864472709041,0.009140693193800844,0.2613964166865235,0.602912862489352,0.04290779451202873,239,126,1.1517273424189063,3,0.9049217002237137,149.0,0.0
217,0.5362114934571962,0.01306916158085097,0.29457276221559814,0.9528781587562822,0.11947890581476815,109,137,1.790475136576583,3,0.8333333333333334,65.0,0.0
218,0.0652259135164471,0.04265735531394198,0.15559511496478198,0.9505352603545294,0.11579550495004852,276,70,2.9860148719759385,3,0.9444444444444443,120.0,0.0
219,0.05582313954670193,0.031258008643806644,0.21005376442621856,0.36724608418394833,0.14869199224447707,118,156,4.876249348433836,3,,0.6666666666666666,1.0
220,0.3625997132343365,0.022027569935361965,0.031751394827080795,0.8613223131208395,0.06614321334922109,258,158,3.4803560497871904,3,,0.6666666666666666,1.0
221,0.2799505936638955,0.026298350157120336,0.1165093722237848,0.4543824031801971,0.1549815806762656,118,120,3.1558020188544402,3,0.9027777777777778,12.666666666666666,0.6666666666666666
222,0.3894469089140079,0.043512885999714625,0.33834557191108916,0.9061673791065623,0.037521858553006715,267,130,5.656675179962901,3,0.9879227053140097,69.0,0.0
223,0.6183587745192101,0.018101949267304324,0.062353973099387186,0.8771258864559492,0.09635271027243433,136,127,2.298947556947649,3,0.9228855721393036,67.0,0.0
224,0.6880366785329557,0.0281100915112451,0.1659934034131524,0.5904898391006785,0.08352385853080913,114,81,2.276917412410853,3,0.9305555555555555,48.0,0.0
225,0.562482874139773,0.03802182490204277,0.12100708306349083,0.5474678019664636,0.17486685126696266,102,72,2.7375713929470793,3,0.8738738738738738,37.0,0.0
226,0.37870648732404255,0.021938055731304543,0.2508405662651071,0.4562046050971454,0.13366614815903075,111,108,2.3693100189808907,3,0.9146341463414633,41.0,0.0
227,0.44453890137366014,0.0037240854245293646,0.17775270309904298,0.6894630810885418,0.042865280570997324,175,84,0.31282317566046663,3,0.5310734463276835,177.0,0.0
228,0.1562777830182419,0.016798066356723963,0.06097924777759085,0.9657578672242428,0.08099881229916346,132,151,2.5365080198653183,3,0.921875,64.0,0.0
229,0.6828594724829272,0.005471617040117781,0.23853422973919805,0.916415906381789,0.12684688679334566,158,113,0.6182927255333093,3,0.5800438596491228,152.0,0.0
230,0.31882115961741864,0.003543652098316433,0.20107224041256808,0.9958029479114509,0.19174150519438682,216,74,0.26223025527541605,3,0.5218476903870162,267.0,0.0
231,0.502883992431757,0.014975889267968024,0.31895652908996375,0.37932458471103103,0.1871748204022161,235,154,2.3062869472670755,3,0.8823529411764706,85.0,0.0
232,0.108727936109243,0.004572446504643866,0.29710645258461943,0.45124248613347656,0.10697963059517411,103,162,0.7407363337523063,3,0.7714285714285714,70.0,0.0
233,0.4101902360780466,0.019081031963331434,0.1724051375532775,0.39102616095751613,0.1937504642723198,145,101,1.9271842282964748,3,0.824858757062147,59.0,0.0
234,0.15687353942081206,0.014300033979136996,0.3385994223652732,0.41128593476720454,0.17346060810023628,114,141,2.0163047910583165,3,0.8478260869565218,46.0,0.0
235,0.5861128500365488,0.04396359423581954,0.2994894897653989,0.9631985283306044,0.025387051358183955,266,150,6.594539135372931,3,0.9919354838709676,62.0,0.0
236,0.395602715034302,0.02537031058843401,0.3176549044225643,0.9816724821203623,0.1409676646086362,235,118,2.993696649435213,3,0.8948220064724919,103.0,0.0
237,0.3357905847942364,0.01861268266059682,0.14571168946325203,0.6044794470948804,0.017950647050239056,228,77,1.4331765648659551,3,0.9557291666666666,128.0,0.0
238,0.5525127953944489,0.02118113439556972,0.32781903633427856,0.747943655586069,0.0070351964368839505,150,85,1.8003964236234262,3,1.0,81.0,0.0
239,0.16789926131871505,0.0439566490487554,0.09998535236852314,0.6852411895872333,0.18723538632803924,256,168,7.384717040190908,3,,0.6666666666666666,1.0
240,0.18836149170697483,0.004112058681251725,0.07915258641208271,0.39116351115666276,0.03902484821846728,118,127,0.5222314525189691,3,0.7432950191570882,87.0,0.0
241,0.64134069351808,0.02510041199885662,0.2303166581437058,0.4812137135462017,0.16011672413477004,254,132,3.3132543838490736,3,0.9155844155844156,77.0,0.0
242,0.6089716755591256,0.042800253601248714,0.14132824824210952,0.40887638804803556,0.0451857915833565,167,114,4.879228910542353,3,,0.6666666666666666,1.0
243,0.6636147467223971,0.018267322362056852,0.27664742837291834,0.7013098499109908,0.03656175408619531,207,102,1.863266880929799,3,0.9386792452830188,106.0,0.0
244,0.4676385629652885,0.030932695971450416,0.16912311897889476,0.49861964173037454,0.14438135590253529,262,87,2.6911445495161863,3,0.8776595744680851,94.0,0.0
245,0.6575686935496348,0.010079853898568497,0.06433995610640653,0.6734710065374963,0.10390991962193881,96,121,1.2196623217267881,3,0.6612021857923498,61.0,0.0
246,0.32256721785702247,0.044777040391673156,0.18560979605458616,0.6606652774808901,0.08435321254291227,275,76,3.4030550697671598,3,0.9619565217391305,92.0,0.0
247,0.42728094287024276,0.011802614205596845,0.23403487367329592,0.3830417502665101,0.19627742025060035,93,117,1.380905862054831,3,0.7592592592592592,45.0,0.0
248,0.6308260989657679,0.022449130449016197,0.04930586194375095,0.8844388049609745,0.12963674593342686,232,148,3.322471306454397,3,,0.6666666666666666,1.0
249,0.31687380855094505,0.029431280002605732,0.3039932812149143,0.7601925378667269,0.06953472696718066,173,136,4.00265408035438,3,0.9629629629629629,54.0,0.0
250,0.4801423063714251,0.043305239387784876,0.14869194289333412,0.6263031488841853,0.16242459223741185,160,121,5.23993396592197,3,,0.6666666666666666,1.0
251,0.5235039723875411,0.02176750697150446,0.09895844538006414,0.834382497807657,0.02623103383694199,163,90,1.9590756274354013,3,0.9597701149425287,87.0,0.0
252,0.44997273846541974,0.034132601408259,0.3163001237977008,0.5271812233203296,0.02214485172011087,109,166,5.666011833770995,3,1.0,22.0,0.0
253,0.1334634689748354,0.010499680236949499,0.12322542513870902,0.6941043801170869,0.17656511320681562,228,146,1.5329533145946268,3,0.6705128205128205,130.0,0.0
254,0.5044655610745655,0.009532764417808157,0.14445844208831174,0.6609632019563407,0.02948519069711717,164,97,0.9246781485273913,3,0.8319088319088319,117.0,0.0
255,0.23658324664840563,0.007472876528148687,0.2060767014106424,0.8082683277407254,0.013986326295372243,170,118,0.8817994303215451,3,0.9716049382716049,135.0,0.0
256,0.5540815008294226,0.034163575544955214,0.2908233907900013,0.6413564115608945,0.16411141652797215,142,94,3.21137610122579,3,0.9047619047619048,49.0,0.0
257,0.27174307614973525,0.009583289785965456,0.17959505261714295,0.6048390145700381,0.04818542328286244,263,145,1.3895770189649912,3,0.9322222222222223,150.0,0.0
258,0.2402773373148032,0.013730586196270935,0.07188490587215841,0.6352341061712666,0.06059292576746041,254,107,1.46917272300099,3,0.8216783216783217,143.0,0.0
259,0.18811816595577024,0.03481568606225572,0.32760107115350956,0.6736557043127769,0.12859968466816651,94,157,5.466062711774148,3,0.9696969696969697,22.0,0.0
260,0.6992158570135513,0.02838120884338278,0.31472942929275793,0.9405953602611673,0.15829029756152446,158,116,3.2922202258324025,3,0.8809523809523809,63.0,0.0
261,0.08437318028401253,0.0026796388839257553,0.18270420265053586,0.6713044467975016,0.08147247757259446,176,127,0.34031413825857093,3,0.6242774566473989,173.0,0.0
262,0.3999490112139661,0.037974360764405794,0.06477027304392396,0.4963654829686045,0.1586009957919261,103,155,5.886025918482898,3,,1.0,1.0
263,0.6965322231259814,0.03953521670464462,0.3147676822631459,0.5543261627094381,0.08033232680187528,233,97,3.834916020350528,3,0.9701492537313433,67.0,0.0
264,0.4362205967891194,0.04236863023090265,0.14028508368371767,0.7120511582229426,0.05925992609069702,131,87,3.6860708300885303,3,0.9702380952380952,28.333333333333332,0.3333333333333333
265,0.1607743049784993,0.004491649815139587,0.3337739273629623,0.6118717455299592,0.16682417840042163,90,138,0.619847674489263,3,0.7060185185185185,72.0,0.0
266,0.1585871781454272,0.009544876602900775,0.2898362244833743,0.5220626119026992,0.18265703674039516,236,84,0.8017696346436651,3,0.6544715447154471,164.0,0.0
267,0.48406477168449447,0.037022376669330156,0.10528204429300639,0.5295347862467679,0.19290377722784036,197,96,3.554148160255695,3,,0.3333333333333333,1.0
268,0.31807122343303196,0.02059817050942174,0.11097111997749873,0.8542642061841088,0.15436986864583105,200,108,2.224602415017548,3,0.8033333333333333,100.0,0.0
269,0.5895342800240916,0.011162222179157102,0.03137784821365717,0.7212587853362317,0.19881555449047572,258,73,0.8148422190784684,3,0.4991749174917492,202.0,0.0
270,0.16935870938466857,0.024313329626944616,0.28918103566235853,0.4078773032987846,0.07904693075177888,154,145,3.525432795906969,3,0.9642857142857143,42.0,0.0
271,0.27893394963226226,0.010119966080452476,0.09255866476690794,0.6165317114947462,0.09588341496117823,231,157,1.5888346746310387,3,0.8008130081300813,123.0,0.0
272,0.4603091204405556,0.03168728404416656,0.3445558948914902,0.6176982361956329,0.08067088064982567,136,163,5.165027299199149,3,0.984375,32.0,0.0
273,0.19473664329338927,0.033382055591023266,0.2714634042298031,0.413562198339538,0.09364628113871681,115,90,3.004385003192094,3,0.9351851851851852,36.0,0.0
274,0.1542014327776654,0.021944608749903678,0.12261750640258078,0.867439290956816,0.1815209782780965,192,151,3.3136359212354556,3,0.8063063063063063,74.0,0.0
275,0.20824068465651568,0.01378777892861016,0.11151307203758956,0.43777476243655344,0.18875967362074225,188,110,1.5166556821471175,3,0.7065217391304347,92.0,0.0
276,0.1805419479457354,0.03840685517185447,0.15774249685049294,0.37282592722128327,0.03238831404992624,240,134,5.1465185930285,3,,0.3333333333333333,1.0
277,0.554546533695055,0.011070178705014656,0.3235665885651654,0.9031481280339069,0.1696761508122162,103,92,1.0184564408613483,3,0.7263374485596709,81.0,0.0
278,0.06385911239553865,0.03929921219775109,0.12785607319634154,0.7522956477627918,0.151993376740146,205,82,3.2225354002155897,3,0.8622222222222221,75.0,0.0
279,0.5531616975277621,0.04235599273532583,0.2630799890388509,0.6367947865123628,0.1753356277503406,125,123,5.209787106445077,3,0.9022988505747126,29.0,0.0
280,0.5289965216372252,0.03728175558591997,0.26979291574368186,0.5371056694313001,0.02356878018116622,278,94,3.504485025076477,3,0.996031746031746,84.0,0.0
281,0.3669262077768366,0.023726907658603122,0.216446191780652,0.606816194406129,0.15737827629000556,273,162,3.8437590406937057,3,0.9259259259259259,81.0,0.0
282,0.19530578583124572,0.03367049836118118,0.24695099281441427,0.6900088245315548,0.03770604677483205,154,150,5.050574754177178,3,0.9868421052631579,38.0,0.0
283,0.6736196113713179,0.03303896228604537,0.3237151989202348,0.9897204222161998,0.07041013484784764,157,134,4.42722094633008,3,0.9673202614379085,51.0,0.0
284,0.34753493421751225,0.044425036115118895,0.06001850368247197,0.6180436942931959,0.17510780890544725,108,98,4.353653539281652,3,,1.0,1.0
285,0.5578212099280447,0.018459675999550992,0.3435931327648506,0.9242943936754099,0.06026407153252307,137,147,2.7135723719339957,3,0.9596774193548386,62.0,0.0
286,0.25569388436829,0.02807360212926801,0.2407138458858534,0.8892370159057083,0.004890168176402976,176,92,2.582771395892657,3,1.0,81.0,0.0
287,0.5069849330943477,0.026231499189690102,0.18859362502436575,0.38588647186018726,0.06965517669229125,246,157,4.118345372781346,3,0.92090395480226,59.0,0.0
288,0.05069820081414156,0.019046758120686916,0.3324474520546472,0.3830724774542595,0.14994115020892737,192,96,1.828488779585944,3,0.8621399176954734,81.0,0.0
289,0.6106279175429605,0.034080923095252694,0.3134256546746761,0.4903511137803229,0.106258550963721,168,148,5.043976618097399,3,0.9684684684684685,37.0,0.0
290,0.19461882780663725,0.011922091126490328,0.038698282719227206,0.973034941084044,0.1420033760109247,110,134,1.597560210949704,3,0.5516431924882629,71.0,0.0
291,0.5284764642056439,0.02485935550390389,0.18236282274893129,0.6421959567302886,0.12808784242072827,149,90,2.23734199535135,3,0.904040404040404,66.0,0.0
292,0.6249993256599626,0.0369053519624284,0.14186035566465083,0.7260960429281409,0.028205459990002926,140,168,6.20009912968797,3,,1.0,1.0
293,0.63493810071229,0.041641592779465615,0.1362921752651045,0.4599375597988562,0.04235443269326207,115,79,3.2896858295777838,3,0.9852941176470589,11.666666666666666,0.6666666666666666
294,0.1104741221679275,0.005066094969948352,0.34674338214555944,0.3981374941898978,0.026508416190282727,190,153,0.7751125304020978,3,0.9539295392953929,123.0,0.0
295,0.41876094521777185,0.03529993979648129,0.23189184248724956,0.9234137957138162,0.12769350555294812,174,122,4.306592655170718,3,0.9375,56.0,0.0
296,0.5075422948200707,0.02123788832706071,0.14074042332951509,0.6539740940926381,0.03394282101971213,170,150,3.1856832490591063,3,0.980225988700565,59.0,0.0
297,0.20467153349508288,0.008601856492493041,0.10883271737063256,0.8973455986519558,0.06604025911954628,272,139,1.1956580524565328,3,0.6851851851851851,198.0,0.0
298,0.6037944525393453,0.005343020677776811,0.2748078096569737,0.5499825531463696,0.04332447283680854,176,139,0.7426798742109767,3,0.8932291666666666,128.0,0.0
299,0.6395637372312666,0.014685825974633,0.21202681772298207,0.5383921740021695,0.1108571171452856,144,132,1.9385290286515562,3,0.9025641025641026,65.0,0.0
300,0.4389247104894204,0.028812493894638073,0.0732255335096077,0.8008013052313677,0.13495007127604466,196,138,3.9761241574600543,3,,0.6666666666666666,1.0
301,0.07962727033493323,0.021214070223808563,0.1608912422546335,0.40636246436807943,0.044473585579362145,153,114,2.4184040055141764,3,0.9636363636363637,55.0,0.0
302,0.5277472276049151,0.012193669310340516,0.29551997123997165,0.7047688857306512,0.1520843370369235,273,117,1.4266593093098403,3,0.794478527607362,163.0,0.0
303,0.36446013103288966,0.028647933743324527,0.32695059461306375,0.6696781779183915,0.1057315076216582,212,130,3.7242313866321886,3,0.9253731343283582,67.0,0.0
304,0.5241351419894762,0.005089564425908076,0.19501998032703105,0.6630345329839282,0.1843369968475141,153,119,0.605658166683061,3,0.5520833333333334,128.0,0.0
305,0.34377475824520176,0.043374599506992184,0.17418446835228207,0.4675748797093587,0.04338322456115767,117,79,3.4265933610523827,3,0.9852941176470589,34.0,0.0
306,0.03038064660349278,0.02057366342302072,0.2761576260154308,0.8267531878198933,0.006429817560570039,131,127,2.6128552547236317,3,1.0,19.333333333333332,0.6666666666666666
307,0.13336969402702892,0.042466280244881985,0.08355679988613736,0.757315491503363,0.06524767243281136,165,134,5.690481552814186,3,,0.6666666666666666,1.0
308,0.30621325963093027,0.03466465124917497,0.1038173201049145,0.9387647043942691,0.10004192986267042,119,146,5.061039082379546,3,,0.6666666666666666,1.0
309,0.5993192282388221,0.04494963027105661,0.10166261299006663,0.5364800688162457,0.05008661734637765,220,96,4.315164506021435,3,,0.6666666666666666,1.0
310,0.42023797683138286,0.04472146849527125,0.34688898786968136,0.6924026003854999,0.12780544205293476,227,156,6.976549085262315,3,0.945736434108527,43.0,0.0
311,0.6550654171638485,0.010766006975170387,0.1991333532615849,0.891344085529983,0.06064041532691833,269,114,1.2273247951694242,3,0.8618307426597581,193.0,0.0
312,0.6903661380130454,0.04435700795899745,0.31995417944485804,0.8689914241382375,0.053826100144561156,97,102,4.524414811817739,3,0.9770114942528735,29.0,0.0
313,0.396679503607266,0.02611342710616652,0.1917609021942614,0.7638356819455989,0.08166460452659777,219,145,3.7864469303941455,3,0.9722222222222222,72.0,0.0
314,0.2534784507404981,0.01621911086869316,0.07071230780538496,0.4726629365187975,0.17010417578427153,278,115,1.8651977498997134,3,0.7208672086720868,123.0,0.0
315,0.18267141699039863,0.034651667300962655,0.207273960261395,0.3637514074251407,0.06327229146734303,111,87,3.014695055183751,3,0.9646464646464646,33.0,0.0
316,0.4694348168585032,0.013826334747100872,0.05078296934718196,0.385707742978485,0.11634545959174299,243,72,0.9954961017912628,3,0.4598108747044917,141.0,0.0
317,0.5986907158011794,0.008682076128062852,0.2241012272625375,0.6390472182069846,0.08857030424638052,163,77,0.6685198618608397,3,0.7846153846153845,130.0,0.0
318,0.5678440076421845,0.04040125684438986,0.033525333562953105,0.4660927142031265,0.18078083775909579,154,125,5.050157105548733,3,,0.6666666666666666,1.0
319,0.13052651742630078,0.01071998946219383,0.2411955981558765,0.8211309344604675,0.11988536171598706,273,166,1.7795182507241756,3,0.8549783549783551,154.0,0.0
320,0.36102261445339057,0.014911692222128646,0.18271453119225484,0.583783090883297,0.044883178534937264,230,74,1.1034652244375198,3,0.9086757990867581,146.0,0.0
321,0.2659823706886332,0.032590601951518916,0.03590009692006202,0.6354660335838576,0.1288018802899737,137,131,4.269368855648978,3,,1.0,1.0
322,0.5503544520454396,0.03685234777337129,0.2577458626942041,0.41681850249408714,0.09500448880087214,208,130,4.7908052105382675,3,0.9492753623188405,46.0,0.0
323,0.19452924600233257,0.00382972815881139,0.101548902680335,0.6456813611262152,0.08278606381092019,105,87,0.3331863498165909,3,0.4803921568627451,102.0,0.0
324,0.5823584135979402,0.04180452675567915,0.09443146209686885,0.9542223951186941,0.003572191835036165,147,163,6.814137861175702,3,,1.0,1.0
325,0.6677922893542083,0.0025182301096847836,0.27416617496855933,0.9806310221703982,0.1811804437635557,134,168,0.42306265842704366,3,0.6137387387387387,148.0,0.0
326,0.39871674881741825,0.0053607140150716956,0.30193254329761154,0.7489883662758575,0.12294734883765782,181,112,0.6003999696880299,3,0.6822916666666666,160.0,0.0
327,0.4131341242691431,0.008603930500702925,0.2667264085011681,0.39876124977850247,0.14595615340875842,125,155,1.3336092276089533,3,0.7407407407407408,63.0,0.0
328,0.34655401396820706,0.023922705740453118,0.12990856733506503,0.980148079421632,0.14662489491190908,94,107,2.5597295142284837,3,0.8623188405797101,46.0,0.0
329,0.14712094877611337,0.011441922464689927,0.178455131555216,0.9626694602043196,0.1468292691521836,108,91,1.0412149442867833,3,0.6360153256704981,87.0,0.0
330,0.6059059593906617,0.018262622489416284,0.30255109848080597,0.5071047386877351,0.12373212238726353,181,163,2.9768074657748542,3,0.9138888888888889,60.0,0.0
331,0.20278898612902205,0.03179584339519176,0.34594003838628595,0.44788888670795224,0.017680458140134882,218,138,4.387826388536463,3,1.0,52.0,0.0
332,0.2576230849918503,0.0050635125267634185,0.1820977977227533,0.8399509417685712,0.05702448008303776,187,103,0.521541790256632,3,0.7106227106227107,182.0,0.0
333,0.5966185984334713,0.024363092227243983,0.29967423001807103,0.6401531698934111,0.19059503231202068,138,135,3.289017450677938,3,0.8900709219858155,47.0,0.0
334,0.10765223976389711,0.040058998493752426,0.18656486106585526,0.4420653291823882,0.030538026768284144,125,139,5.568200790631587,3,,0.3333333333333333,1.0
335,0.06173957950875815,0.01432353189129397,0.07473202895035778,0.6367003292512348,0.08287075439887226,193,122,1.7474708907378642,3,0.8164983164983165,99.0,0.0
336,0.21735634049869523,0.003377874343261619,0.22660355409125943,0.5929167018735284,0.1302669997480093,235,80,0.27022994746092954,3,0.5670995670995671,231.0,0.0
337,0.03923082804701372,0.012676652659067587,0.17609514335809667,0.6061467832095038,0.1620605110546933,91,108,1.3690784871792994,3,0.7211538461538461,52.0,0.0
338,0.3853955903340628,0.02752117047501426,0.03698604532665971,0.6848366949500229,0.06896625187976757,253,112,3.0823710932015973,3,,0.3333333333333333,1.0
339,0.09719255699181767,0.03566128432289174,0.3315693602587272,0.36447473340923997,0.12027455256226958,137,147,5.2422087954650864,3,0.9135802469135802,27.0,0.0
340,0.2208210843954259,0.03586489014911832,0.2323536162452164,0.9539557109761955,0.19620096227075456,230,74,2.6540018710347555,3,0.8734567901234568,108.0,0.0
341,0.3281082998880941,0.025520474865863382,0.07695783462644878,0.5685857897777851,0.19752948955129235,126,71,1.8119537154763001,3,0.6311475409836066,61.0,0.0
342,0.3331803141213373,0.038234148733882437,0.13364840407017228,0.6618690267908496,0.195609149157596,145,117,4.473395401864245,3,,0.3333333333333333,1.0
343,0.11771727913815436,0.004224024141654815,0.33253330318078345,0.5227761186287927,0.10081278131291019,98,79,0.3336979071907304,3,0.5303030303030304,88.0,0.0
344,0.3138489307689054,0.041994537327755335,0.19077215796190025,0.9812378486715131,0.05176712744747994,258,120,5.03934447933064,3,0.9802631578947368,76.0,0.0
345,0.6058856305122479,0.02127485124581098,0.11943595954246065,0.9060589862216231,0.0779778937745218,152,123,2.6168067032347504,3,0.9547619047619048,70.0,0.0
346,0.6842731344981475,0.010018781674502146,0.1264482037504594,0.37019524004539595,0.07836754198201056,197,90,0.9016903507051931,3,0.7535612535612536,117.0,0.0
347,0.4856234067232872,0.00979682272693165,0.24594008076987828,0.5212590283230565,0.07104356682423996,166,105,1.0286663863278234,3,0.8461538461538461,104.0,0.0
348,0.5102236726096182,0.02205989831494875,0.14561564763285856,0.9042047673756424,0.11439012512824054,140,91,2.007450746660336,3,0.8311688311688311,77.0,0.0
349,0.6330611563562674,0.016733962729446543,0.04247340081194252,0.6714901455833944,0.024787610888175562,271,94,1.5729924965679751,3,0.7913907284768212,151.0,0.0
350,0.5305642847005654,0.007622327975181698,0.28822215179329136,0.9589897372851199,0.12130642008158894,118,141,1.0747482445006196,3,0.7741935483870969,93.0,0.0
351,0.5081030286379696,0.04469074216262913,0.1392922439045193,0.4558567583077566,0.1038334469828643,247,123,5.496961286003383,3,,0.6666666666666666,1.0
352,0.14920136715841678,0.028363705016747995,0.03451991471258367,0.952984461595244,0.05291485556425233,139,73,2.0705504662226035,3,0.8744588744588745,77.0,0.0
353,0.1025271257881542,0.012330704776024593,0.11764997395393445,0.3713264996735236,0.055870962438745835,142,89,1.0974327250661888,3,0.8247863247863249,78.0,0.0
354,0.28367602138112746,0.018562212706306674,0.1384824769929213,0.5631505242949576,0.017946255548250245,205,72,1.3364793148540806,3,0.9008620689655172,116.0,0.0
355,0.1654165811048326,0.03453592537891446,0.34705912497635905,0.9535420137872639,0.10084387110755373,242,123,4.247918821606478,3,0.9465020576131686,81.0,0.0
356,0.24076965125401448,0.03527939586141922,0.27472214013844753,0.898777032428589,0.1791009154393769,122,113,3.9865717323403715,3,0.8902439024390244,41.0,0.0
357,0.5438066306318223,0.036675145338222775,0.12870707919928004,0.9540074586039975,0.018868300527931092,267,170,6.234774707497872,3,,0.6666666666666666,1.0
358,0.5459607811664425,0.0060106489289460715,0.23999348739360016,0.37221661710336906,0.15403738988883658,231,150,0.9015973393419108,3,0.6980676328502415,138.0,0.0
359,0.43361486957126993,0.03884499685241253,0.0613226496687551,0.5293504973265286,0.0828355043185341,252,74,2.8745297670785273,3,0.9431818181818181,58.666666666666664,0.3333333333333333
360,0.33030477867268127,0.013404178612840335,0.15567520387256092,0.6263167107949992,0.17588234669753702,125,97,1.3002053254455126,3,0.6554054054054054,74.0,0.0
361,0.6288078962399022,0.020316751486952514,0.1348984706220755,0.676632832067845,0.08354865727256794,179,95,1.930091391260489,3,0.875,88.0,0.0
362,0.36679514761336485,0.008527474522389744,0.14261758176734912,0.7177636425931588,0.08268164887797172,182,153,1.3047036019256308,3,0.8637681159420291,115.0,0.0
363,0.20200358022856135,0.04370017788973343,0.28111104667243236,0.978935466898357,0.16762731096606084,121,84,3.6708149427376084,3,0.9,45.0,0.0
364,0.3827282607254592,0.009309076411418784,0.2918327528407223,0.7297053969691423,0.05268986287138116,121,163,1.5173794550612618,3,0.9095238095238095,70.0,0.0
365,0.10717465572055465,0.0262460833492665,0.2607329774933521,0.38825154926608063,0.11957120664124073,124,152,3.989404669088508,3,0.9555555555555556,30.0,0.0
366,0.07524330066009575,0.024026447757584966,0.11273829700759679,0.7809008934989985,0.02373547341576898,166,164,3.9403374322439344,3,,0.6666666666666666,1.0
367,0.6294681497488702,0.009996900054655493,0.13344508299683344,0.731962733524478,0.1436124673268501,183,114,1.1396466062307262,3,0.6182795698924731,124.0,0.0
368,0.13471518571385327,0.006478514233523478,0.34992490781259,0.6459788789382668,0.17450634982969965,139,118,0.7644646795557704,3,0.6273584905660378,106.0,0.0
369,0.6479796178258221,0.005773653459176676,0.0664861412270563,0.9542609220207457,0.189498609008957,155,101,0.5831389993768443,3,0.5258064516129033,155.0,0.0
370,0.2679604742858941,0.021455360097894595,0.16317173762153303,0.4735293903737378,0.17967507678787492,254,95,2.0382592092999867,3,0.8551401869158878,107.0,0.0
371,0.5025325143500265,0.004887694142603834,0.04240042608909743,0.7749248071749983,0.06780317151465208,202,136,0.6647264033941214,3,0.6095238095238095,175.0,0.0
372,0.09299420545311633,0.04284360933638212,0.2695246294057905,0.9195737014667695,0.027294110808902185,252,102,4.370048152310976,3,0.9855967078189299,81.0,0.0
373,0.2767905900182505,0.025098423878053194,0.12499791536237256,0.3894099824231133,0.07377567614749414,193,95,2.3843502684150533,3,0.9396135265700484,69.0,0.0
374,0.2885672652803539,0.010469260332661127,0.11380683986071534,0.7575190212809747,0.07763076691561302,136,104,1.0888030745967572,3,0.7256944444444443,96.0,0.0
375,0.38771677392398984,0.03519000325628881,0.1512377460313463,0.7318876701612964,0.19324052507363526,147,122,4.293180397267235,3,,1.0,1.0
376,0.6395643762667548,0.03612792284302636,0.0487899781280479,0.6289142664550169,0.13966368157371764,192,169,6.105618960471454,3,,0.6666666666666666,1.0
377,0.33711211507821337,0.0059897745274497954,0.20984293590811767,0.4322664648805742,0.15030391205587867,95,121,0.7247627178214252,3,0.6432291666666666,64.0,0.0
378,0.5146990168127819,0.03938255855577652,0.23126336549208865,0.748085564014568,0.15091405908792627,202,155,6.1042965761453605,3,0.8777777777777778,45.0,0.0
379,0.6122660368055918,0.003566498414363982,0.20798089497529254,0.4905750513684084,0.1720691781563567,233,135,0.4814772859391376,3,0.5416666666666666,188.0,0.0
380,0.3115490609517335,0.010088481809218106,0.13848756029434445,0.807455501451146,0.040871909042327764,222,79,0.7969900629282304,3,0.8170289855072465,184.0,0.0
381,0.6249792680124592,0.03486104503194502,0.09393437781060242,0.5400025032294946,0.19441403542617716,121,141,4.915407349504248,3,,0.6666666666666666,1.0
382,0.4390497428232625,0.015228024873237603,0.1257200461332871,0.37569035214864976,0.1456963733803863,207,74,1.1268738406195826,3,0.7053571428571429,112.0,0.0
383,0.033254416310776955,0.0333682887780221,0.33363960228772005,0.8417269810227518,0.09432803812487574,135,119,3.9708263645846302,3,0.9507575757575758,44.0,0.0
384,0.3222114031749006,0.01595967768574435,0.19694854853946883,0.6302481221417248,0.11963357600815494,210,160,2.553548429719096,3,0.9206349206349206,84.0,0.0
385,0.6966563096069529,0.005385961464965436,0.15309871125162922,0.46745902724842614,0.07042409478510674,118,99,0.5332101850315781,3,0.5915750915750916,91.0,0.0
386,0.14693987818994814,0.03485527029711549,0.18881239770535543,0.9475096284411967,0.006518488649402899,272,76,2.6490005425807777,3,1.0,128.0,0.0
387,0.3001933005633305,0.005451924777373596,0.1140734708527467,0.9909193329998054,0.04179192149692282,113,90,0.49067322996362367,3,0.6239669421487604,121.0,0.0
388,0.41433924809312506,0.023413926504105738,0.2157402551049103,0.5948779308355554,0.16535247197898942,148,83,1.9433558998407763,3,0.7584541062801932,69.0,0.0
389,0.31702307271378194,0.03165975948309574,0.30783566089052783,0.5902215441318925,0.11354911981875056,214,76,2.406141720715276,3,0.9261363636363636,88.0,0.0
390,0.1441137890349254,0.004972940986042923,0.262921885439527,0.5372389796693915,0.14474905803836755,90,76,0.37794351493926215,3,0.5485232067510548,79.0,0.0
391,0.6079070262735781,0.03792779851877694,0.058457197776090444,0.3654417291971712,0.011257762596398236,193,156,5.916736568929202,3,,0.3333333333333333,1.0
392,0.18725133766477015,0.02557575266790211,0.16639814501761813,0.8670915920485913,0.09777966029413412,95,120,3.069090320148253,3,0.9429824561403509,38.0,0.0
393,0.6926915994649345,0.008455570940218055,0.29582526039869805,0.3836373346425251,0.09552975391459416,108,159,1.3444357794946709,3,0.8765432098765432,54.0,0.0
394,0.4756933569547612,0.031464228632743715,0.11426153032207535,0.6220736143849452,0.0733162126998101,156,122,3.8386358931947333,3,,1.0,1.0
395,0.3396927131962576,0.016056629130710542,0.1277537959587744,0.5130543795758293,0.07300944937695168,97,85,1.364813476110396,3,0.8173076923076922,52.0,0.0
396,0.6143098823423944,0.027891133848837374,0.07281165619003374,0.8010085672358509,0.16953329359959465,108,93,2.5938754479418757,3,0.9219858156028368,47.0,0.0
397,0.13090239820596683,0.0023705420567513382,0.04512010843407523,0.8454633763972825,0.19743726640833878,141,74,0.17542011219959902,3,0.5097465886939571,171.0,0.0
398,0.531207542583528,0.005090073131161282,0.21948250396917335,0.8414489335783546,0.07184087945354754,197,71,0.36139519231245104,3,0.6619273301737757,211.0,0.0
399,0.4287768659240353,0.04462351901002119,0.11243757530831863,0.47316933017169027,0.02478517855070299,164,126,5.62256339526267,3,,0.6666666666666666,1.0
400,0.4296182165713831,0.0360676459983273,0.2709834475585631,0.9301519716168066,0.16115453966846027,128,94,3.390358723842766,3,0.88,50.0,0.0
401,0.40243786126675984,0.014788714241023938,0.13553132145648078,0.9557638399994977,0.1363791810134147,263,168,2.4845039924920216,3,0.8979328165374677,129.0,0.0
402,0.30933139960155875,0.02510981565422099,0.18587693437325492,0.41973658739042247,0.04734039890532067,276,123,3.0885073254691817,3,0.9647058823529412,85.0,0.0
403,0.07514078443911418,0.04205286296028224,0.06962997822187865,0.4786874851709896,0.15306424478772732,250,79,3.322176173862297,3,,1.0,1.0
404,0.6331863267423242,0.033205141741069026,0.051958674274834846,0.7997005898356744,0.12632570843426358,140,146,4.8479506941960775,3,,1.0,1.0
405,0.584892561167855,0.032889074216445664,0.21757641448671097,0.5596011570781555,0.13945473236598582,126,166,5.45958631992998,3,,0.6666666666666666,1.0
406,0.4236395929543457,0.030566829342672915,0.16988097350393622,0.8414785263329984,0.19953347846772718,185,86,2.6287473234698706,3,0.8597560975609756,82.0,0.0
407,0.16561153726752073,0.025195823622568746,0.1840401271237306,0.7215203599293671,0.009814809544854608,182,110,2.771540598482562,3,1.0,73.0,0.0
408,0.42059543558392565,0.027163228106113393,0.2403468677658795,0.8181404188517314,0.12830944066817132,144,149,4.047320987810895,3,0.9420289855072465,46.0,0.0
409,0.4485896252386764,0.02511282948909979,0.22398285724409944,0.415775688389666,0.054631308145104,251,123,3.088878027159274,3,0.9718614718614719,77.0,0.0
410,0.6149014343191437,0.0311992169203837,0.058930585111007225,0.7349787177888628,0.04434759752741979,92,144,4.492687236535253,3,,0.0,1.0
411,0.5843853711808606,0.027518619721368855,0.2192360351205471,0.5700844380870291,0.08925000423226188,249,157,4.32042329625491,3,0.9747474747474748,66.0,0.0
412,0.5146246217479948,0.024349407366921254,0.14783436359947869,0.3827468298875603,0.028601480265277025,161,89,2.1670972556559915,3,0.9863387978142076,61.0,0.0
413,0.28016697398331203,0.042598176824279806,0.19164908635479955,0.5026461061185001,0.021150027492302815,133,104,4.4302103897251,3,1.0,33.0,0.0
414,0.5765395258192081,0.01848374011665184,0.2772018579271723,0.8717582344824713,0.02216415393974083,266,131,2.4213699552813908,3,0.9868766404199475,127.0,0.0
415,0.6725943624586441,0.019291937220852817,0.04630210848096712,0.950146748667621,0.1767332563144966,213,122,2.353616340944044,3,0.70679012345679,108.0,0.0
416,0.40000959063048647,0.01110486741937337,0.29222424177428385,0.6740900249548821,0.006775559028511302,209,138,1.5324717038735252,3,1.0,118.0,0.0
417,0.666832500767813,0.03765347108486726,0.11870340486737271,0.3846613052066714,0.18807028250763613,215,164,6.17516925791823,3,,1.0,1.0
418,0.38671826420762245,0.029619648701876007,0.17803201942745864,0.6228474886141931,0.023889687185740072,138,79,2.3399522474482044,3,0.9885057471264368,58.0,0.0
419,0.1859305382730456,0.0379755520954814,0.07666633623541759,0.49735412374456195,0.10972281186444151,280,91,3.4557752406888076,3,,0.6666666666666666,1.0
420,0.13934847876091733,0.026222598393012372,0.14778984671891693,0.757003535796305,0.18244106808173527,172,85,2.2289208634060516,3,0.8130081300813008,82.0,0.0
421,0.6420005520747528,0.0408070685991855,0.2953080266674889,0.7603358462489553,0.12402933149310949,207,134,5.468147192290857,3,0.9313725490196078,51.0,0.0
422,0.4926320193159347,0.0027087346256347514,0.3365896253314079,0.7306424449526269,0.15629316788048433,117,108,0.29254333956855316,3,0.4959016393442623,122.0,0.0
423,0.03830613332358329,0.02391859037468709,0.19230083818109725,0.6340430374024437,0.06794341083241535,248,95,2.2722660855952737,3,0.9506172839506174,108.0,0.0
424,0.3834550659131124,0.018136960006820246,0.34037820257593876,0.4624027500485054,0.0639331135254174,269,99,1.7955590406752044,3,0.9256198347107438,121.0,0.0
425,0.3940171480780912,0.023469051049888355,0.23599694893576736,0.9675011508732351,0.05704421709877348,194,139,3.2621980959344814,3,0.9789029535864979,79.0,0.0
426,0.04677693601347302,0.013282704327545854,0.17839031295890967,0.3701466125127374,0.1235338921107278,207,138,1.833013197201328,3,0.8895348837209301,86.0,0.0
427,0.5303102489414913,0.024212703708249524,0.22326229279316048,0.6074424133310167,0.008250606501312508,228,80,1.9370162966599618,3,1.0,108.0,0.0
428,0.4688472692149809,0.044808877882188375,0.035057036532254775,0.7124292729371489,0.15020175057651158,180,153,6.855758315974821,3,,1.0,1.0
429,0.3952872838191688,0.028656387147916518,0.25295198248785705,0.9083280623007299,0.024457907440563732,116,163,4.670991105110392,3,1.0,35.0,0.0
430,0.047431660379551904,0.03795658929118434,0.05455693649910312,0.47650833754319943,0.0007788292762265225,204,114,4.327051179195014,3,,1.0,1.0
431,0.2540206819006528,0.009137695193942174,0.17434885145725,0.6115410740619195,0.1535322065397483,211,160,1.462031231030748,3,0.7336182336182335,117.0,0.0
432,0.4672200586839448,0.007349646715240526,0.12452505430715219,0.9436568929409819,0.017746898601577833,160,111,0.8158107853916984,3,0.8356973995271869,141.0,0.0
433,0.6614780948864324,0.042878588183187884,0.16158501665564556,0.7838079772642184,0.0913491196707998,224,146,6.260273874745431,3,,0.6666666666666666,1.0
434,0.051159491564309004,0.008198757403618414,0.2265436171339517,0.5011589705879913,0.1332104598538297,99,105,0.8608695273799335,3,0.6944444444444443,66.0,0.0
435,0.6240525239456404,0.037228153579079416,0.18770809602201027,0.8523818066116575,0.05422757724701808,115,119,4.43015027591045,3,0.9714285714285714,23.666666666666668,0.3333333333333333
436,0.16231297474839634,0.039018105246402736,0.2933816373018927,0.9363972844658508,0.1754953962448519,263,166,6.477005470902854,3,0.9086021505376345,62.0,0.0
437,0.18298527519339036,0.04206844450419856,0.2127882212326392,0.6246218045467988,0.11207477919357461,155,104,4.3751182284366505,3,0.9603174603174603,42.0,0.0
438,0.22333051466383788,0.012376516533033736,0.056376956626280575,0.6727671831456719,0.1775523351427775,193,133,1.646076698893487,3,0.5961538461538461,104.0,0.0
439,0.37905367394636824,0.02042949548478941,0.1786085204215014,0.48603027592176806,0.16458717543861945,162,90,1.8386545936310468,3,0.817351598173516,73.0,0.0
440,0.5101372470072997,0.03467935549433456,0.21395809344887493,0.9109021437206385,0.05821007049013001,248,159,5.514017523599195,3,0.9722222222222223,66.0,0.0
441,0.5187050079315337,0.03634624259375571,0.2426655070487405,0.9001229610434801,0.1986197725435272,123,112,4.070779170500639,3,0.8902439024390244,41.0,0.0
442,0.5753235080854121,0.03401692965927544,0.17491845302784573,0.9525168498261328,0.07888518591451894,168,127,4.320150066727981,3,0.896969696969697,55.0,0.0
443,0.10098137918394423,0.011708333344849447,0.2990227745708034,0.6077592698387508,0.07881681788305164,198,94,1.100583334415848,3,0.8438320209973753,127.0,0.0
444,0.3593789239792944,0.036650129338076765,0.31645251768759664,0.3955743808287195,0.11496414624802309,164,117,4.288065132554982,3,0.9487179487179488,39.0,0.0
445,0.4415688398159574,0.02123285453705557,0.15756634267309283,0.6567224630791682,0.11639982575128283,133,120,2.547942544446668,3,0.9228395061728395,54.0,0.0
446,0.3463367821838329,0.03716691832819747,0.26860735719611445,0.5718960212177753,0.1601154235030641,201,156,5.798039259198805,3,0.9365079365079364,42.0,0.0
447,0.13283977760070764,0.027055345854422624,0.1212998379517484,0.8304620092523696,0.04775706587173665,231,137,3.7065823820558994,3,0.9906250000000001,53.666666666666664,0.3333333333333333
448,0.2009335195586147,0.023979181827487553,0.3335668697331814,0.5978498999966824,0.17514769719264156,134,169,4.052481728845397,3,0.899122807017544,38.0,0.0
449,0.6161500686994593,0.009132239278103742,0.2922906302512521,0.3708971068153648,0.07866037673986158,268,157,1.4337615666622874,3,0.9036458333333334,128.0,0.0
450,0.49146398254914625,0.024907838375528756,0.15411648802643854,0.877993015205686,0.1419116807896442,94,117,2.9142170899368645,3,0.9316239316239315,39.0,0.0
451,0.627964505930472,0.011887764766201191,0.08452528293075995,0.767822446816828,0.19439886854035407,104,94,1.117449888022912,3,0.5136986301369862,73.0,0.0
452,0.19727915388566372,0.007998450462374167,0.30538033768756223,0.4971584012673671,0.10063570534497757,190,170,1.3597365786036084,3,0.8594771241830066,102.0,0.0
453,0.03813440361776919,0.025928901891964146,0.19393249366558263,0.8748407946666006,0.0710563079105554,217,111,2.87810811000802,3,0.9492753623188407,92.0,0.0
454,0.14251844700123864,0.033855054960338825,0.2811068509402074,0.43883115850623966,0.07869141479766435,188,160,5.416808793654212,3,0.9736842105263158,38.0,0.0
455,0.0318138733627774,0.014846640036773188,0.20761353121681525,0.5671610087789696,0.054409037835533886,203,116,1.72221024426569,3,0.9516666666666667,100.0,0.0
456,0.1516204824334948,0.024773885361257804,0.2561426948202322,0.7239417192085265,0.01862186617170618,147,155,3.8399522309949594,3,1.0,46.0,0.0
457,0.14723515111661706,0.03488691602627853,0.14538083544827213,0.8587948762364666,0.04125458068106916,237,88,3.0700486103125106,3,0.9774305555555555,96.0,0.0
458,0.3630073169657131,0.003416248632029501,0.10209514841034667,0.8206079639198264,0.1674766956610851,110,78,0.2664673932983011,3,0.44623655913978494,124.0,0.0
459,0.6209920653235299,0.036293239774286695,0.3082989746262289,0.8039785604762459,0.13483061345879296,198,123,4.4640684922372635,3,0.9540229885057471,58.0,0.0
460,0.467367440409181,0.04152171557636402,0.062167040453346686,0.5552469105999592,0.014490994719174366,202,165,6.851083070100064,3,,1.0,1.0
461,0.32832786221958987,0.0310398122390761,0.29915842064138276,0.9941501612497176,0.03235649155845315,147,150,4.655971835861415,3,0.9891304347826088,46.0,0.0
462,0.6245733417516133,0.004101641204587652,0.27130897925938346,0.5805714587777577,0.1297193582940864,195,121,0.4962985857551059,3,0.6242424242424243,165.0,0.0
463,0.2040273088980467,0.0078145185661714,0.06742311458854665,0.4171598575105196,0.12755800802691555,132,105,0.820524449447997,3,0.45098039215686275,85.0,0.0
464,0.1751444035979345,0.03175105898635383,0.24979186104526935,0.7004593900320485,0.1869915633731702,176,108,3.4291143705262135,3,0.8916666666666666,60.0,0.0
465,0.5900281907504262,0.005230994541084441,0.2667459500923214,0.9924908189907545,0.16931964325756338,105,128,0.6695673012588085,3,0.5931372549019608,102.0,0.0
466,0.44993326309919757,0.01719145062578871,0.24743526984259323,0.8507569990678626,0.19964569622357078,91,119,2.0457826244688566,3,0.7730496453900709,47.0,0.0
467,0.07107372406820632,0.02762189188143236,0.06808772799429394,0.5090972783114716,0.06575598226114746,199,143,3.9499305390448276,3,,0.6666666666666666,1.0
468,0.15315144299859534,0.009127376714221157,0.04438855759962479,0.9176059586300226,0.13870108487121213,169,74,0.6754258768523657,3,0.5327004219409283,158.0,0.0
469,0.04895584477753677,0.02602299474842741,0.12041100841174751,0.7378721277807537,0.08692083513619307,110,163,4.241748143993668,3,,1.0,1.0
470,0.22283204002411647,0.03120325084287242,0.04729737971795174,0.9713093472228015,0.19615149358167044,267,144,4.493268121373628,3,,1.0,1.0
471,0.34169235594759395,0.011459717891072236,0.29000522887934865,0.8286301631455645,0.044390807912189814,254,115,1.3178675574733072,3,0.9352941176470589,170.0,0.0
472,0.340075288337246,0.037535653648826495,0.24883029898690445,0.7680589033010359,0.1299654845126557,184,97,3.64095840393617,3,0.9327956989247314,62.0,0.0
473,0.2790465440857878,0.003963478273778364,0.2818211634598796,0.631448839860379,0.08764767141751471,234,94,0.37256695773516624,3,0.6055806938159879,221.0,0.0
474,0.17031627857781734,0.027276342971468255,0.10441696486517624,0.39173575351755185,0.15350148319617968,227,108,2.9458450409185715,3,0.9285714285714285,70.0,0.0
475,0.284757841212534,0.020546686105179027,0.29081434349059,0.5585439823608811,0.15160724225156721,142,164,3.3696565212493605,3,0.9222222222222222,45.0,0.0
476,0.47278169126961556,0.020562286490612057,0.26929271140693267,0.6476332903384006,0.08288545422162817,220,123,2.529161238345283,3,0.9629629629629629,90.0,0.0
477,0.24287396432222683,0.006482759300040051,0.16275264176837284,0.43050697273404626,0.08208829471108935,214,126,0.8168276718050465,3,0.724220623501199,139.0,0.0
478,0.6535764914077833,0.0035575602349480545,0.2288666900806221,0.6475278713225503,0.004052225640827834,172,95,0.3379682223200652,3,0.9860279441117764,167.0,0.0
479,0.10938511907771704,0.011322148266452123,0.11786247790749381,0.6108491179984276,0.10580787869777807,192,70,0.7925503786516486,3,0.6643192488262911,142.0,0.0
480,0.13845247162125632,0.00602335458117843,0.20589548776407796,0.5638986657608254,0.10967954720694362,153,92,0.5541486214684156,3,0.6666666666666666,124.0,0.0
481,0.04623366723868186,0.04247877675462061,0.06465859878047808,0.4324581861751159,0.0293093653020281,258,169,7.178913271530884,3,,0.3333333333333333,1.0
482,0.44383236091389733,0.028242467923265575,0.34574342448592943,0.40748520002852556,0.19490017850845784,167,90,2.5418221130939016,3,0.8477011494252874,58.0,0.0
483,0.44745790738656366,0.020063593308020038,0.152864580312697,0.9553081635116507,0.02984554568805129,171,170,3.4108108623634066,3,0.990049751243781,67.0,0.0
484,0.2840137909313375,0.02989732086720784,0.3397301540746752,0.3874406827463336,0.18457287258503813,165,127,3.7969597501353953,3,0.8968253968253967,42.0,0.0
485,0.501945908914893,0.008414919907112978,0.20068397786593029,0.7877839145714084,0.09124946147753638,153,85,0.7152681921046031,3,0.7551282051282051,130.0,0.0
486,0.1935597803073363,0.038738890012720434,0.04103071770648409,0.810760350986528,0.1998780073029054,195,70,2.7117223008904303,3,0.8115079365079364,84.0,0.0
487,0.13790060748935973,0.030988204938404783,0.049197067067311445,0.7333634895063083,0.13680002071221123,168,129,3.997478437054217,3,,1.0,1.0
488,0.274673751024115,0.031983138727425475,0.22017421696442252,0.48496416186104785,0.11262710871702196,227,159,5.085319057660651,3,0.9499999999999998,50.0,0.0
489,0.47677830141260147,0.022287034817935425,0.13290691291822437,0.40582603613442236,0.04892542655180574,215,71,1.5823794720734152,3,0.9383333333333334,100.0,0.0
490,0.6910393647417261,0.011566736841535818,0.2907603016593192,0.4596191731732361,0.056720229921114786,232,112,1.2954745262520115,3,0.8946666666666667,125.0,0.0
491,0.2473517949748754,0.036329084948674026,0.33646189056493536,0.9189414143730515,0.03071557338955131,107,148,5.376704572403756,3,1.0,29.0,0.0
492,0.12912443191415665,0.04127538758217036,0.19572114421394507,0.5686477072368594,0.03140509946683856,190,71,2.9305525183340952,3,0.9701492537313433,67.0,0.0
493,0.19612448441279276,0.04130286272109641,0.28512390152711276,0.9803659100379677,0.02015230422427461,231,129,5.3280692910214364,3,0.9897435897435898,65.0,0.0
494,0.20229081760062032,0.025346493348213518,0.13254556338030563,0.5342526076581824,0.1147690604049195,279,88,2.2304914146427897,3,0.9051724137931033,116.0,0.0
495,0.34431940277131823,0.029984927396893492,0.07101826341849729,0.9548862760699877,0.10114493989082496,166,152,4.55770896432781,3,,0.6666666666666666,1.0
496,0.4681166385161124,0.03253004047256946,0.2591619011177081,0.9188149330899572,0.12272108700938483,248,98,3.1879439663118068,3,0.9273927392739273,101.0,0.0
497,0.09667146071985629,0.028068776636356083,0.051232897206585935,0.5068407435981946,0.012141436920382343,274,125,3.5085970795445105,3,,1.0,1.0
498,0.13742654371172158,0.02824751473563935,0.2830768418762456,0.8842224685017105,0.061908701627525486,264,125,3.5309393419549187,3,0.9625850340136055,98.0,0.0
499,0.4072172092578604,0.022334148832629158,0.2396364452559247,0.4865566304852968,0.19584864791735887,233,79,1.7643977577777035,3,0.8148148148148149,108.0,0.0
500,0.5855781646060898,0.027546127438901072,0.10835351910198908,0.8346887504291949,0.016896179135414392,165,148,4.076826860957358,3,,0.6666666666666666,1.0
501,0.425290098902819,0.006762263691045268,0.05544178018955846,0.8380436167337006,0.058587181300767434,150,159,1.0751999268761976,3,0.7117117117117117,111.0,0.0
502,0.540588924090218,0.032022180522861786,0.11915393684270428,0.8108139373640517,0.1896295369029668,137,79,2.529752261306081,3,0.8688524590163934,61.0,0.0
503,0.24852897014238923,0.012090907414848548,0.15584004300821333,0.8325162256550651,0.09484851628507732,111,127,1.5355452416857656,3,0.801470588235294,68.0,0.0
504,0.24048377501248935,0.008075438484745323,0.11541876766007311,0.9087921958072915,0.1204833924306821,212,108,0.8721473563524949,3,0.6461824953445064,179.0,0.0
505,0.5592370077628437,0.004771669595561076,0.11124514813516341,0.49956705013727054,0.19707291243364444,114,141,0.6728054129741118,3,0.4939759036144578,83.0,0.0
506,0.4439165773803313,0.0022143535076623345,0.08897920066875435,0.7631018404325008,0.07594386529633315,135,163,0.36093962174896055,3,0.606280193236715,138.0,0.0
507,0.5423652268249778,0.02123751513057716,0.2698447928122465,0.984012810487044,0.09219616494029413,150,134,2.8458270274973394,3,0.9362745098039215,68.0,0.0
508,0.6455052920910677,0.01269301046755545,0.313698532373209,0.41340405940243874,0.1296896341175293,94,149,1.891258559665762,3,0.8632478632478633,39.0,0.0
509,0.4417861668991254,0.02330799657855935,0.2275510719762195,0.44858141070663893,0.04311414206604367,186,97,2.260875668120257,3,0.9629629629629629,72.0,0.0
510,0.4305121582221255,0.021001746171038033,0.10823226959546864,0.9238260658939771,0.07478436805864468,103,115,2.415200809669374,3,0.9566666666666667,50.0,0.0
511,0.3044997212878263,0.009823547076900363,0.2641206449376746,0.6414978704747577,0.0032514219785436897,191,167,1.6405323618423606,3,1.0,101.0,0.0
512,0.5765616197689272,0.033113052225947535,0.3081093985659292,0.9394247148436077,0.06749794127688773,91,131,4.337809841599127,3,0.9770114942528735,29.0,0.0
513,0.437901232167748,0.013493885758855668,0.10102472046306149,0.4240397156323643,0.13186283918329056,147,148,1.997095092310639,3,0.7583333333333333,60.0,0.0
514,0.5398384962763925,0.015599841218953895,0.0956831521488647,0.6448492159955043,0.10936269204810212,242,162,2.527174277470531,3,0.9242424242424243,99.0,0.0
515,0.6161315133636163,0.04139050824597859,0.3020839632435134,0.9769777828836023,0.09309999943381149,262,74,3.0628976102024157,3,0.9513274336283186,113.0,0.0
516,0.08598656153948042,0.01878187409621075,0.1124598692073591,0.46046138438469375,0.19064075490172971,132,89,1.671586794562757,3,0.7150537634408604,62.0,0.0
517,0.6727841124512047,0.0347160701338119,0.23510261508007146,0.7894123240580959,0.0662948647318248,225,135,4.686669468064607,3,0.9708994708994708,63.0,0.0
518,0.15508371924844774,0.04232133359904711,0.1265738687873899,0.5158712329908024,0.1422325596388315,203,136,5.755701369470407,3,,1.0,1.0
519,0.3323702752900145,0.029195188091703808,0.08103778296347396,0.7876633998112708,0.05412213903903878,280,97,2.831933244895269,3,0.9608695652173913,115.0,0.0
520,0.13866055641233566,0.016292216806555078,0.13600033929962496,0.645216357606475,0.0380839009332699,220,89,1.450007295783402,3,0.9100529100529101,126.0,0.0
521,0.39296484301436296,0.007541728400830431,0.25044704255642725,0.9635656318106878,0.08535912433287565,134,161,1.2142182725336994,3,0.8583333333333334,100.0,0.0
522,0.09587211605432916,0.0038471779771527166,0.26083804080442874,0.8446640224379727,0.16861164819315028,197,75,0.28853834828645375,3,0.6138763197586727,221.0,0.0
523,0.5505277268210763,0.018191165510253016,0.12706804245830355,0.46246554887314295,0.19920315102050543,103,76,1.3825285787792292,3,0.710691823899371,53.0,0.0
524,0.5840953697873595,0.029498260726092684,0.26522574216379746,0.8126161279491677,0.17168689701463652,146,88,2.5958469438961562,3,0.8589743589743589,65.0,0.0
525,0.0305524932792392,0.027736725028860446,0.14323476458346684,0.4304617652261395,0.037227750820847776,182,103,2.8568826779726257,3,0.9943502824858758,59.0,0.0
526,0.07705635849409115,0.004447267691523387,0.3231284015463821,0.5528667870799024,0.196446139494717,113,167,0.7426937044844055,3,0.6483739837398373,82.0,0.0
527,0.12552275915916622,0.03274174502453621,0.22225756452066212,0.7989205975183498,0.01923820000289496,102,89,2.9140153071837225,3,1.0,41.0,0.0
528,0.08134790317209059,0.02797777082433406,0.34570914427170907,0.7867899494776619,0.14215230700438594,196,169,4.728243269312456,3,0.9303030303030303,55.0,0.0
529,0.4842677412951034,0.003727807623024224,0.30744179227411117,0.5870408887462175,0.0008727243029430731,97,121,0.4510647223859311,3,1.0,84.0,0.0
530,0.6578000505870966,0.013065219549384277,0.18728421537690876,0.462954977058554,0.01153853433328802,279,78,1.0190871248519735,3,0.9704142011834319,169.0,0.0
531,0.517097306994108,0.03915520224191241,0.07585562856079714,0.5374070690768047,0.03900589352896547,206,72,2.819174561417693,3,0.9908675799086758,73.0,0.0
532,0.40079901782427896,0.03209665331591884,0.23732079388322253,0.6022348057464609,0.11100204918798107,200,79,2.5356356119575887,3,0.9458333333333334,80.0,0.0
533,0.13338349154419857,0.04206716864077829,0.27368247930236694,0.9497804122863588,0.18333605689987345,231,135,5.679067766505069,3,0.8879781420765026,61.0,0.0
534,0.6519198942351506,0.019918276432545914,0.031157198331181097,0.3906712253000036,0.021897465140163042,277,79,1.5735438381711273,3,0.8346354166666666,128.0,0.0
535,0.2656406018696765,0.032154644705702375,0.28300761811215835,0.733638628324006,0.029287234911395912,252,145,4.662423482326845,3,0.9806763285024155,69.0,0.0
536,0.26771728582219123,0.0025587139928872384,0.11978835857047977,0.5648903601916356,0.05484910704362059,192,151,0.386365812925973,3,0.625968992248062,172.0,0.0
537,0.5391506863880405,0.03190873730774358,0.0744816251239249,0.8750920413090832,0.13543519233266474,178,89,2.8398776203891787,3,0.9307359307359307,77.0,0.0
538,0.46422293328861597,0.022791000563158283,0.170592019793992,0.4228800562570527,0.10366085516903308,159,80,1.8232800450526625,3,0.8647342995169082,69.0,0.0
539,0.14004976946035863,0.007699491513814796,0.3353146493024024,0.5351620487885285,0.07104086471920155,227,102,0.7853481344091092,3,0.7572916666666667,160.0,0.0
540,0.6318277982693563,0.026207534187400204,0.3241311676586597,0.5449511887881321,0.02296693488638979,258,126,3.3021493076124258,3,0.9959349593495935,82.0,0.0
541,0.2615097844993117,0.03648199384010218,0.3114154908517307,0.6571727820895966,0.19427180481710168,187,125,4.560249230012772,3,0.9033333333333333,50.0,0.0
542,0.21151666356882934,0.0230259471598038,0.04193929356893683,0.8726007541709939,0.02028701017088419,244,101,2.325620663140184,3,0.9472222222222223,120.0,0.0
543,0.408762086493312,0.0038479304028166514,0.05538140773806344,0.8024756324484583,0.014355418612153748,92,118,0.45405578753236486,3,0.694139194139194,91.0,0.0
544,0.25692607439190274,0.011807414542125907,0.09040924731637293,0.8462173409261766,0.19030843863005653,152,84,0.9918228215385761,3,0.6253561253561253,117.0,0.0
545,0.672986416846665,0.027574787649429458,0.23533132971624224,0.8114521457926782,0.1408237780709162,196,152,4.191367722713277,3,0.9153005464480874,61.0,0.0
546,0.35392399640295724,0.024934419263132147,0.13362464078829306,0.4184174359590261,0.13292803818524382,180,73,1.8202126062086468,3,0.7649572649572649,78.0,0.0
547,0.21467548422585672,0.006051884171182311,0.09103269034326977,0.7651750933832975,0.12569532604098363,116,112,0.6778110271724188,3,0.5033670033670034,99.0,0.0
548,0.09041522424795906,0.02063507840775456,0.14287835899465387,0.8182984493563673,0.11580532163981035,194,119,2.4555743305227926,3,0.900749063670412,89.0,0.0
549,0.35627799514434677,0.04355076615219801,0.2720141509451041,0.6730367142990831,0.09584452257779552,115,72,3.1356551629582565,3,0.9512195121951219,41.0,0.0
550,0.6614812064242704,0.015724480785995174,0.11190050620183799,0.9996158015019864,0.1437379343009049,154,74,1.163611578163643,3,0.6125,120.0,0.0
551,0.07146326960713623,0.0030965672502885084,0.22187804784411808,0.39651692504026864,0.18667767136898614,243,164,0.5078370290473154,3,0.5828729281767956,181.0,0.0
552,0.3958562247212134,0.028515474050025885,0.12340620848807993,0.39158215256537765,0.1474920890383631,255,80,2.281237924002071,3,0.8351063829787234,94.0,0.0
553,0.0873236194823234,0.015382593695781623,0.03398901114812226,0.6321231502416054,0.14153618201601534,117,150,2.3073890543672433,3,0.8166666666666668,50.0,0.0
554,0.4348858935452772,0.03841559073389824,0.1600807052054753,0.9017018552893098,0.10129466209967586,200,92,3.534234347518638,3,0.9555555555555556,75.0,0.0
555,0.6625775832625121,0.013823747574996008,0.038384474940093796,0.5077381279207674,0.07333751225148555,125,105,1.4514934953745808,3,0.6025641025641025,65.0,0.0
556,0.381527231327193,0.03997445592754471,0.12354823267510372,0.6885008951734597,0.06802779073769587,231,152,6.0761173009867955,3,,0.6666666666666666,1.0
557,0.1355930139032805,0.006450941537332515,0.19095848103603252,0.7867269307475697,0.1591050402181533,116,129,0.8321714583158945,3,0.6810035842293907,93.0,0.0
558,0.5484793400837303,0.01888653251811972,0.04051765448527007,0.4254645501360117,0.007744520245799236,94,103,1.945312849366331,3,1.0,39.0,0.0
559,0.36197919865001715,0.017321651797248393,0.20939183202124548,0.662395946520312,0.13558856037278808,123,137,2.37306629622303,3,0.8647798742138365,53.0,0.0
560,0.24310297856281524,0.016887221580526933,0.21724730292521702,0.7376811041290472,0.06293998272742662,221,103,1.7393838227942742,3,0.8944444444444445,120.0,0.0
561,0.49501015883471855,0.02983866538367099,0.0732162574975279,0.6366772217890058,0.17854121574211806,190,73,2.1782225730079823,3,0.7549019607843137,85.0,0.0
562,0.6029598441444232,0.009016660753758177,0.19231956238774908,0.6258186787999575,0.0020258674682917645,215,162,1.4606990421088246,3,1.0,121.0,0.0
563,0.3347999023139847,0.043033535900706445,0.1217580483133497,0.913079252720382,0.18447791479912612,217,126,5.422225523489012,3,,0.6666666666666666,1.0
564,0.16579411787137072,0.03146563958054596,0.2056729812894272,0.9639442828042069,0.08785441236209837,117,97,3.0521670393129585,3,0.94,50.0,0.0
565,0.12265229100105175,0.03204124345352721,0.3417150780737863,0.368423450871409,0.14808907095562537,254,163,5.222722682924935,3,0.9166666666666666,50.0,0.0
566,0.08010362793232406,0.006737311939563726,0.25142627150390673,0.7711761943322624,0.01376548306324914,190,154,1.0375460386928137,3,0.9782608695652173,138.0,0.0
567,0.38069397805607785,0.04100948705347434,0.31095708191766536,0.8781300498826078,0.10317977924888427,160,95,3.895901270080062,3,0.9545454545454545,55.0,0.0
568,0.3690035876204588,0.0063348892454765425,0.24083076751149635,0.4370851924988549,0.10223459250014462,192,75,0.4751166934107407,3,0.6577777777777777,150.0,0.0
569,0.2306733684840127,0.011979459808800877,0.22841009366773452,0.8614113628146307,0.01146059090810523,102,155,1.8568162703641358,3,1.0,57.0,0.0
570,0.606714355619585,0.016717570194384978,0.24088130111050304,0.6116984706072421,0.0308381764379263,157,123,2.056261133909352,3,0.9788732394366196,71.0,0.0
571,0.08786098191606975,0.03977430268202748,0.32577272301107474,0.8840485390574123,0.11250562415119572,124,126,5.011562137935463,3,0.9666666666666668,35.0,0.0
572,0.689686942322623,0.012659772662740864,0.05430347708966639,0.7152616003407655,0.06575711956202067,174,102,1.291296811599568,3,0.65,110.0,0.0
573,0.03474718729386519,0.027638294610561116,0.11449078472819649,0.47210805632524266,0.008086386278600744,258,106,2.9296592287194785,3,1.0,85.0,0.0
574,0.6189091444989264,0.01647684472668701,0.24730374723826995,0.8417555262112397,0.06562016183803991,269,152,2.5044803984564257,3,0.9610215053763441,124.0,0.0
575,0.49355937197685584,0.026047415834140913,0.030317588496201253,0.37280899784982524,0.1981731688212127,211,149,3.881064959286996,3,,1.0,1.0
576,0.6581687233778745,0.04079903781147518,0.036541754605680266,0.864700738364198,0.09022914880223093,180,149,6.079056633909802,3,,0.6666666666666666,1.0
577,0.034499575389468046,0.014392569951624261,0.27042360825321665,0.8654635125910334,0.1239429202429248,164,100,1.4392569951624261,3,0.8146417445482866,107.0,0.0
578,0.23794293616286813,0.043570850436607404,0.17054789735494544,0.6406316076584941,0.1104665500481399,179,111,4.836364398463422,3,,0.6666666666666666,1.0
579,0.4002899482802674,0.020590423179004988,0.29454877427269965,0.9408831628688845,0.18642205196307235,146,126,2.5943933205546283,3,0.8623188405797103,69.0,0.0
580,0.3262395335012118,0.03232532252804903,0.2982635492146901,0.7159384573431451,0.13999620436445226,128,145,4.6871717665671095,3,0.9411764705882352,34.0,0.0
581,0.4831838304005821,0.034083742896360306,0.09676650641791947,0.6739434555641683,0.11765371092101745,279,70,2.3858620027452213,3,0.8801652892561984,121.0,0.0
582,0.6034948809051669,0.02823105386313122,0.07132362614342504,0.8806320971742876,0.14341139328810892,232,146,4.121733864017158,3,,0.6666666666666666,1.0
583,0.29266844944744363,0.038730707787884656,0.1624888262823559,0.7208309494146343,0.00012846073997474505,206,135,5.228645551364429,3,,1.0,1.0
584,0.5111777807257175,0.026385702716018068,0.18889882145395712,0.8764587079126104,0.13627454343304837,178,98,2.5857988661697706,3,0.8922764227642276,82.0,0.0
585,0.6725791365135905,0.03241248935039965,0.34614045725197584,0.9813198555747644,0.183781944562018,260,146,4.732223445158349,3,0.9053497942386831,81.0,0.0
586,0.4383176768929681,0.009403338538365742,0.20387245357560244,0.8474947395563127,0.10417143174111357,206,157,1.4763241505234215,3,0.7964376590330788,131.0,0.0
587,0.10346945245843783,0.018380434966091264,0.1919086139499703,0.6310114423149202,0.021717309564310616,268,85,1.5623369721177573,3,0.9714611872146118,146.0,0.0
588,0.5912035862131764,0.02282852314566239,0.045591176560872845,0.36071931833547244,0.09469508039886532,90,86,1.9632529905269653,3,0.7857142857142857,35.0,0.0
589,0.5024343838194786,0.03619890888869331,0.10305494670627377,0.7349150141731575,0.0308889286970772,134,100,3.619890888869331,3,,0.6666666666666666,1.0
590,0.6254929811015603,0.025396217933739362,0.31348438244614396,0.4964110727166795,0.0660048686497332,214,117,2.9713574982475053,3,0.9460093896713615,71.0,0.0
591,0.3516536503803437,0.044898862588899115,0.06662250207076162,0.903777273141034,0.17273640788437405,213,125,5.612357823612389,3,,1.0,1.0
592,0.260504902733633,0.024326722484396733,0.1235896655381004,0.8694198414859607,0.09965583174206603,192,163,3.9652557649566673,3,,1.0,1.0
593,0.44720320071854924,0.024115731323931383,0.25754219327284866,0.6775564268796523,0.18090127008388945,259,88,2.1221843565059615,3,0.8292011019283748,121.0,0.0
594,0.6821436181097568,0.036924193729601255,0.3054346757967582,0.6638900910411962,0.16744030986751948,132,100,3.6924193729601256,3,0.9308943089430893,41.0,0.0
595,0.5405052796379973,0.008039356810727972,0.12825661310800276,0.6397262311838263,0.06446394362868438,204,109,0.876289892369349,3,0.7792792792792792,148.0,0.0
596,0.5794701790050776,0.013037063362113206,0.26848997508946304,0.39791284492257367,0.15314782150301218,209,149,1.9425224409548676,3,0.8410852713178295,86.0,0.0
597,0.2991381795866629,0.03306654639620123,0.32284428919843167,0.8704634328104425,0.07808930207939198,111,118,3.901852474751745,3,0.9504504504504506,37.0,0.0
598,0.5521695550064896,0.014581567363512312,0.2872424768988395,0.5632462426646118,0.16119811647710763,179,78,1.1373622543539603,3,0.706060606060606,110.0,0.0
599,0.05974618893009538,0.04490004423690236,0.3082262794351005,0.9238508772530325,0.1902559895213235,135,114,5.118605043006869,3,0.9035087719298245,38.0,0.0
